0,1,2,3,4,5,6,7,8,9,10,11,12,y-local,predict
1719.0,1565.0,756.0,1112.0,864.0,831.0,661.0,1822.0,1442.0,1053.0,1384.0,1079.0,710.0,-2.42458,False
0.0,0.0,0.0,0.0,4548.0,17326.0,11053.0,15466.0,5654.0,0.0,0.0,0.0,0.0,-3.20299,False
0.0,0.0,20.0,20054.0,10420.0,0.0,0.0,0.0,0.0,0.0,0.0,0.0,0.0,-4.45,False
2749.0,985.0,1645.0,977.0,1333.0,630.0,806.0,1099.0,1062.0,1274.0,438.0,0.0,0.0,-6.50266,False
0.0,0.0,0.0,0.0,2513.0,10756.0,11547.0,8273.0,3110.0,0.0,0.0,0.0,0.0,-7.41996,False
1788.0,1475.0,896.0,2510.0,1738.0,1058.0,745.0,4285.0,13319.0,551.0,0.0,0.0,0.0,-7.86017,False
0.0,0.0,1.0,22111.0,58967.0,0.0,0.0,0.0,0.0,0.0,0.0,0.0,0.0,4.65,False
8389.0,4258.0,5315.0,3307.0,2407.0,3694.0,5999.0,7234.0,7885.0,19590.0,5024.0,72.0,0.0,-0.312871,False
0.0,0.0,0.0,5636.0,38445.0,114.0,0.0,0.0,0.0,0.0,0.0,0.0,0.0,-6.85,False
616.0,2092.0,1235.0,1786.0,730.0,1167.0,841.0,1108.0,2491.0,962.0,1994.0,1104.0,736.0,-2.45377,False
7890.0,2213.0,6466.0,8700.0,4122.0,2558.0,1647.0,2328.0,1506.0,0.0,0.0,0.0,0.0,-7.20906,False
1535.0,835.0,1451.0,1110.0,1580.0,1067.0,736.0,2289.0,1721.0,2164.0,854.0,701.0,1148.0,5.59967,False
5857.0,2537.0,2175.0,2241.0,2274.0,3374.0,2453.0,1889.0,444.0,0.0,0.0,0.0,0.0,-7.5176,False
1902.0,587.0,1541.0,1181.0,1328.0,1776.0,761.0,674.0,1092.0,870.0,2969.0,971.0,1278.0,0.622414,False
1591.0,1550.0,4614.0,873.0,592.0,846.0,529.0,657.0,1079.0,648.0,784.0,1012.0,781.0,-4.26956,False
0.0,0.0,0.0,0.0,2842.0,31163.0,0.0,0.0,0.0,0.0,0.0,0.0,0.0,-6.95,False
0.0,0.0,0.0,0.0,0.0,5020.0,17744.0,10925.0,18.0,0.0,0.0,0.0,0.0,2.71312,False
1950.0,734.0,903.0,1763.0,1134.0,1398.0,811.0,893.0,677.0,1123.0,749.0,524.0,1281.0,7.56916,False
0.0,0.0,0.0,0.0,0.0,11200.0,24999.0,7114.0,0.0,0.0,0.0,0.0,0.0,1.52847,False
0.0,1124.0,3407.0,1631.0,1864.0,1723.0,1242.0,2360.0,3286.0,1668.0,1428.0,0.0,0.0,-3.28576,False
0.0,0.0,0.0,0.0,2827.0,5473.0,5622.0,8648.0,9624.0,0.0,0.0,0.0,0.0,-5.79285,False
2273.0,1172.0,1196.0,903.0,1473.0,1365.0,675.0,1717.0,5915.0,1441.0,682.0,272.0,0.0,-6.05253,False
0.0,349.0,1490.0,1250.0,2020.0,1058.0,1658.0,1907.0,2719.0,1037.0,4621.0,369.0,0.0,-6.79673,False
0.0,737.0,2960.0,2240.0,2521.0,1488.0,3253.0,3392.0,2494.0,1643.0,1611.0,538.0,0.0,2.79173,False
1743.0,1167.0,663.0,744.0,925.0,762.0,771.0,1519.0,932.0,1360.0,731.0,3297.0,158.0,2.38707,False
1319.0,852.0,938.0,1659.0,891.0,656.0,1384.0,880.0,399.0,613.0,1228.0,1863.0,782.0,-4.1087,False
5611.0,3373.0,3292.0,3672.0,1685.0,3343.0,1955.0,1790.0,2133.0,1707.0,1887.0,8672.0,5604.0,3.40069,False
7761.0,2897.0,2292.0,4453.0,3204.0,2654.0,3305.0,3575.0,5386.0,2969.0,0.0,0.0,0.0,-1.63833,False
0.0,1246.0,10546.0,11641.0,13912.0,5699.0,0.0,0.0,0.0,0.0,0.0,0.0,0.0,-1.99411,False
0.0,0.0,3.0,3720.0,6914.0,8011.0,17664.0,9219.0,10135.0,12654.0,0.0,0.0,0.0,-2.25677,False
0.0,0.0,703.0,4102.0,3765.0,4449.0,13157.0,5027.0,6499.0,1476.0,0.0,0.0,0.0,-3.12434,False
2998.0,807.0,980.0,956.0,933.0,1134.0,2470.0,1313.0,987.0,1077.0,1144.0,765.0,725.0,-4.56923,False
1594.0,4417.0,5720.0,7294.0,6599.0,5574.0,3869.0,5898.0,7302.0,8247.0,1496.0,0.0,0.0,-5.25039,False
8084.0,647.0,666.0,498.0,1085.0,642.0,924.0,1791.0,837.0,1243.0,1187.0,1325.0,856.0,-7.36522,False
2491.0,1374.0,2220.0,4616.0,1858.0,1804.0,2732.0,2276.0,2160.0,3266.0,5418.0,1468.0,0.0,-7.82943,False
0.0,0.0,0.0,2606.0,16869.0,5212.0,3066.0,2856.0,2325.0,1728.0,1566.0,1559.0,1639.0,-0.65,False
0.0,0.0,1694.0,6880.0,8502.0,7068.0,6745.0,17721.0,7836.0,1394.0,0.0,0.0,0.0,-4.02764,False
0.0,0.0,8.0,14105.0,28690.0,12617.0,22441.0,7964.0,0.0,0.0,0.0,0.0,0.0,-4.71729,False
0.0,2097.0,1740.0,1502.0,1320.0,1756.0,1557.0,1958.0,2611.0,2834.0,3290.0,1892.0,3.0,7.59883,False
3729.0,834.0,809.0,1401.0,1404.0,676.0,1495.0,1770.0,1227.0,837.0,1858.0,1455.0,1005.0,3.60653,False
7411.0,815.0,1203.0,1326.0,1152.0,764.0,1609.0,667.0,695.0,1467.0,747.0,833.0,851.0,2.54316,False
2189.0,1616.0,1489.0,816.0,952.0,1014.0,1072.0,2440.0,1053.0,1604.0,1462.0,1678.0,1580.0,1.31759,False
2463.0,1042.0,1243.0,1040.0,1592.0,1224.0,2232.0,4649.0,1063.0,1926.0,1366.0,942.0,1000.0,0.854868,False
1334.0,2869.0,987.0,1146.0,945.0,929.0,869.0,424.0,834.0,1303.0,825.0,550.0,758.0,-4.33962,False
0.0,0.0,0.0,164.0,13414.0,11581.0,2111.0,1741.0,1670.0,1731.0,2126.0,5943.0,3265.0,-3.55,False
2218.0,1664.0,1325.0,3174.0,903.0,739.0,953.0,2326.0,1502.0,1083.0,1969.0,3282.0,0.0,-4.65391,False
0.0,0.0,0.0,0.0,468.0,2210.0,2465.0,7162.0,8850.0,0.0,0.0,0.0,0.0,-7.51265,False
3020.0,1273.0,615.0,1079.0,696.0,1035.0,1177.0,1826.0,1304.0,464.0,618.0,512.0,664.0,-3.53999,False
5443.0,1693.0,999.0,1864.0,2170.0,2721.0,3632.0,1792.0,2519.0,1235.0,2598.0,3833.0,3542.0,-6.92059,False
6419.0,3429.0,4120.0,3275.0,3504.0,3717.0,4441.0,6028.0,3333.0,5349.0,5063.0,2430.0,0.0,-3.13862,False
0.0,1.0,5045.0,7783.0,8173.0,8832.0,7240.0,6697.0,7024.0,175.0,0.0,0.0,0.0,-2.03713,False
0.0,1581.0,11020.0,19892.0,13684.0,1774.0,1577.0,0.0,0.0,0.0,0.0,0.0,0.0,-2.39904,False
0.0,926.0,2325.0,1829.0,1783.0,2804.0,2698.0,5271.0,1825.0,1506.0,2318.0,0.0,0.0,-0.313225,False
6575.0,580.0,944.0,862.0,804.0,1108.0,1742.0,707.0,1786.0,910.0,2278.0,987.0,678.0,-7.56672,False
0.0,0.0,90.0,2108.0,3517.0,2306.0,4355.0,3477.0,8522.0,2482.0,0.0,0.0,0.0,-7.73386,False
0.0,0.0,0.0,234.0,1487.0,3402.0,5212.0,4405.0,4032.0,2801.0,2951.0,5933.0,4692.0,-7.51375,False
671.0,3054.0,2957.0,12367.0,2378.0,1870.0,1777.0,4522.0,328.0,0.0,0.0,0.0,0.0,0.917646,False
0.0,0.0,0.0,0.0,26.0,39519.0,32110.0,66.0,0.0,0.0,0.0,0.0,0.0,7.75,False
0.0,1820.0,16750.0,11193.0,2948.0,3103.0,2589.0,260.0,0.0,0.0,0.0,0.0,0.0,1.73782,False
1566.0,1229.0,682.0,1291.0,908.0,6421.0,1561.0,1523.0,1350.0,1120.0,1205.0,807.0,1381.0,0.516621,False
3850.0,2711.0,1031.0,2071.0,2391.0,1534.0,1444.0,1004.0,2504.0,1973.0,2140.0,1712.0,1595.0,-0.720611,False
0.0,357.0,1406.0,1361.0,1375.0,1802.0,1191.0,1762.0,2844.0,1696.0,2109.0,105.0,0.0,-2.51598,False
1484.0,1328.0,1733.0,1466.0,848.0,812.0,1875.0,1128.0,2005.0,1077.0,697.0,833.0,595.0,6.71247,False
0.0,4696.0,7777.0,10285.0,13103.0,9642.0,6183.0,0.0,0.0,0.0,0.0,0.0,0.0,1.14747,False
10243.0,1888.0,2071.0,7896.0,6482.0,9487.0,7641.0,0.0,0.0,0.0,0.0,0.0,0.0,-6.72309,False
0.0,0.0,0.0,11908.0,34410.0,25736.0,62.0,0.0,0.0,0.0,0.0,0.0,0.0,0.645049,False
24853.0,5881.0,2517.0,2852.0,12723.0,14883.0,0.0,0.0,0.0,0.0,0.0,0.0,0.0,-0.35,False
0.0,0.0,452.0,2586.0,2228.0,3571.0,4001.0,3222.0,4647.0,2874.0,0.0,0.0,0.0,-3.6047,False
0.0,0.0,0.0,0.0,0.0,3975.0,18685.0,21733.0,36.0,0.0,0.0,0.0,0.0,5.52945,False
0.0,0.0,547.0,5118.0,6662.0,6640.0,5097.0,5028.0,8005.0,1886.0,0.0,0.0,0.0,-2.43983,False
0.0,301.0,9974.0,17543.0,14767.0,9385.0,0.0,0.0,0.0,0.0,0.0,0.0,0.0,-5.36549,False
0.0,0.0,0.0,0.0,1467.0,3025.0,2661.0,2839.0,9703.0,141.0,0.0,0.0,0.0,6.73545,False
621.0,2468.0,2681.0,1057.0,2360.0,1157.0,1083.0,2453.0,898.0,1220.0,1412.0,2.0,0.0,6.03889,False
2812.0,6097.0,898.0,1583.0,884.0,1817.0,1967.0,1555.0,1620.0,729.0,2.0,0.0,0.0,5.48572,False
2051.0,1525.0,508.0,1372.0,336.0,940.0,1011.0,649.0,1662.0,868.0,489.0,1781.0,1097.0,-2.77592,False
2294.0,866.0,1473.0,825.0,676.0,336.0,1755.0,546.0,911.0,700.0,903.0,1016.0,719.0,-5.48423,False
0.0,6.0,3817.0,8136.0,20061.0,7285.0,10183.0,6935.0,7976.0,0.0,0.0,0.0,0.0,-7.52767,False
1022.0,688.0,1509.0,1067.0,1574.0,1971.0,680.0,669.0,825.0,935.0,984.0,1410.0,0.0,-7.84767,False
0.0,0.0,1597.0,20703.0,17622.0,2196.0,0.0,0.0,0.0,0.0,0.0,0.0,0.0,4.76026,False
0.0,0.0,0.0,3052.0,44672.0,0.0,0.0,0.0,0.0,0.0,0.0,0.0,0.0,4.35,False
4.0,5440.0,6687.0,22876.0,14953.0,377.0,0.0,0.0,0.0,0.0,0.0,0.0,0.0,4.0544,False
1969.0,1445.0,2021.0,816.0,952.0,776.0,1274.0,578.0,1007.0,493.0,747.0,2390.0,0.0,-3.05633,False
0.0,0.0,9994.0,18738.0,23071.0,0.0,0.0,0.0,0.0,0.0,0.0,0.0,0.0,-2.85,False
0.0,576.0,1906.0,2392.0,3056.0,1964.0,1736.0,1696.0,8669.0,1748.0,2279.0,268.0,0.0,-3.6843,False
0.0,1.0,11242.0,6453.0,27566.0,16932.0,12294.0,14416.0,0.0,0.0,0.0,0.0,0.0,-6.01173,False
558.0,940.0,712.0,630.0,1796.0,627.0,881.0,1353.0,1385.0,1181.0,697.0,1483.0,267.0,-1.51949,False
6049.0,2278.0,1643.0,1570.0,4017.0,2536.0,1816.0,2207.0,2261.0,2652.0,1738.0,1834.0,3888.0,-3.49014,False
2912.0,1521.0,1497.0,1205.0,1398.0,2308.0,2339.0,1290.0,3640.0,1408.0,1299.0,1599.0,2470.0,6.29292,False
3887.0,1367.0,1607.0,1426.0,1155.0,2214.0,1996.0,1775.0,1614.0,1502.0,1870.0,838.0,0.0,-1.5765,False
2508.0,3265.0,976.0,1552.0,1116.0,2958.0,739.0,1789.0,1104.0,0.0,0.0,0.0,0.0,-4.69955,False
1727.0,1159.0,1120.0,1650.0,1977.0,2238.0,960.0,1074.0,1408.0,2746.0,887.0,1610.0,1230.0,-6.57406,False
3009.0,1076.0,1103.0,858.0,1455.0,1041.0,1462.0,900.0,1417.0,2029.0,1512.0,953.0,102.0,6.58008,False
0.0,0.0,0.0,625.0,5937.0,3955.0,3094.0,11098.0,10109.0,1.0,0.0,0.0,0.0,4.85176,False
1994.0,679.0,875.0,961.0,1645.0,7450.0,2009.0,863.0,4244.0,707.0,1082.0,1320.0,822.0,3.80405,False
0.0,0.0,4547.0,17830.0,9089.0,177.0,0.0,0.0,0.0,0.0,0.0,0.0,0.0,4.12711,False
3122.0,1186.0,841.0,716.0,987.0,758.0,793.0,772.0,2118.0,1814.0,1266.0,1415.0,1267.0,2.48992,False
0.0,0.0,6720.0,11687.0,9636.0,0.0,0.0,0.0,0.0,0.0,0.0,0.0,0.0,1.45,False
1747.0,2663.0,14860.0,619.0,530.0,1535.0,1885.0,478.0,1195.0,1795.0,714.0,2149.0,805.0,-1.73005,False
0.0,0.0,0.0,18153.0,30479.0,0.0,0.0,0.0,0.0,0.0,0.0,0.0,0.0,-6.65,False
0.0,0.0,0.0,3.0,2757.0,4234.0,5285.0,11305.0,5014.0,4195.0,0.0,0.0,0.0,-7.21412,False
0.0,3511.0,2884.0,1562.0,1719.0,2572.0,1815.0,2033.0,1612.0,2085.0,1987.0,1105.0,0.0,0.44835,False
0.0,1728.0,4121.0,2801.0,2986.0,2631.0,10906.0,11743.0,11904.0,2639.0,2154.0,631.0,0.0,6.01686,False
0.0,0.0,5.0,25184.0,8805.0,0.0,0.0,0.0,0.0,0.0,0.0,0.0,0.0,4.45,False
12692.0,877.0,534.0,911.0,833.0,783.0,990.0,596.0,759.0,1000.0,1274.0,2797.0,93.0,-4.56047,False
0.0,0.0,0.0,9635.0,26019.0,0.0,0.0,0.0,0.0,0.0,0.0,0.0,0.0,-6.05,False
0.0,0.0,0.0,0.0,0.0,15782.0,31624.0,0.0,0.0,0.0,0.0,0.0,0.0,7.65,False
0.0,0.0,9.0,5928.0,4693.0,2198.0,2031.0,2055.0,2345.0,2480.0,2202.0,2356.0,3665.0,4.65,False
0.0,0.0,679.0,2912.0,1594.0,1827.0,1774.0,2547.0,6979.0,2354.0,572.0,0.0,0.0,0.927011,False
3307.0,1070.0,699.0,1346.0,926.0,1626.0,1185.0,1684.0,1225.0,1445.0,1136.0,1162.0,1438.0,-1.365,False
0.0,0.0,0.0,0.0,23.0,8378.0,12176.0,3520.0,3010.0,2863.0,3623.0,13644.0,7975.0,-1.45,False
10337.0,3406.0,7416.0,7564.0,5399.0,4261.0,3790.0,3765.0,5919.0,9863.0,3206.0,0.0,0.0,-6.52882,False
0.0,0.0,1262.0,2459.0,2382.0,2315.0,2130.0,2458.0,3275.0,3739.0,1968.0,0.0,0.0,6.507,False
0.0,0.0,313.0,5064.0,7908.0,10138.0,8442.0,9596.0,6824.0,2159.0,0.0,0.0,0.0,-7.44595,False
9147.0,3947.0,3021.0,2797.0,2248.0,2738.0,1797.0,4096.0,2464.0,3094.0,5139.0,4070.0,3292.0,6.92215,False
2721.0,989.0,1004.0,1364.0,2420.0,1185.0,722.0,1089.0,1040.0,1152.0,1659.0,1628.0,566.0,6.44212,False
0.0,0.0,792.0,853.0,1387.0,1762.0,2848.0,9697.0,1295.0,2948.0,31.0,0.0,0.0,3.8582,False
4683.0,2284.0,2039.0,1594.0,1569.0,1852.0,2813.0,2291.0,2031.0,6593.0,2250.0,2038.0,10.0,5.83127,False
0.0,0.0,0.0,0.0,1224.0,5264.0,6791.0,13348.0,3779.0,0.0,0.0,0.0,0.0,-7.66388,False
0.0,603.0,10765.0,10281.0,8290.0,6546.0,0.0,0.0,0.0,0.0,0.0,0.0,0.0,-1.15531,False
0.0,0.0,5.0,22447.0,18500.0,0.0,0.0,0.0,0.0,0.0,0.0,0.0,0.0,2.35,False
0.0,0.0,0.0,1725.0,17188.0,7622.0,18195.0,10762.0,3590.0,0.0,0.0,0.0,0.0,1.71614,False
0.0,204.0,5459.0,22559.0,17624.0,2919.0,0.0,0.0,0.0,0.0,0.0,0.0,0.0,-0.538525,False
40.0,3791.0,2076.0,3206.0,3103.0,2421.0,3282.0,4019.0,2461.0,3838.0,1722.0,0.0,0.0,-2.08969,False
0.0,0.0,0.0,3123.0,7480.0,10966.0,7021.0,3474.0,4000.0,2775.0,0.0,0.0,0.0,-5.05559,False
0.0,14.0,12116.0,17383.0,20894.0,18440.0,22715.0,0.0,0.0,0.0,0.0,0.0,0.0,-1.32277,False
0.0,0.0,0.0,0.0,1754.0,6413.0,5550.0,7127.0,13701.0,1107.0,0.0,0.0,0.0,-1.72127,False
0.0,0.0,0.0,9.0,6113.0,10790.0,6716.0,9812.0,3598.0,0.0,0.0,0.0,0.0,-1.85,False
0.0,0.0,0.0,1346.0,15241.0,14132.0,16451.0,21326.0,1.0,0.0,0.0,0.0,0.0,-2.80487,False
15615.0,3825.0,3976.0,6637.0,4542.0,4348.0,2642.0,3539.0,3581.0,3583.0,1372.0,0.0,0.0,-6.23919,False
0.0,0.0,0.0,0.0,0.0,247.0,20888.0,15789.0,0.0,0.0,0.0,0.0,0.0,7.65,False
3664.0,2187.0,3152.0,2436.0,4465.0,3650.0,2768.0,2513.0,7973.0,511.0,0.0,0.0,0.0,-5.01718,False
465.0,4888.0,23991.0,4236.0,1689.0,1438.0,3344.0,7104.0,743.0,0.0,0.0,0.0,0.0,4.93634,False
3711.0,1067.0,863.0,1650.0,1510.0,1099.0,1715.0,1895.0,1545.0,1081.0,2068.0,1013.0,1067.0,0.773798,False
973.0,1651.0,1783.0,1871.0,1734.0,1457.0,2058.0,1129.0,1210.0,1123.0,1123.0,1811.0,845.0,-3.44022,False
0.0,0.0,4.0,1431.0,1249.0,3276.0,10182.0,2943.0,6239.0,1480.0,0.0,0.0,0.0,-3.61474,False
1410.0,716.0,1032.0,626.0,1104.0,786.0,666.0,402.0,644.0,458.0,753.0,1552.0,1168.0,-6.47708,False
0.0,1915.0,7492.0,11735.0,11779.0,4906.0,1571.0,0.0,0.0,0.0,0.0,0.0,0.0,3.1992,False
0.0,596.0,1244.0,1596.0,862.0,2003.0,1041.0,1326.0,2042.0,953.0,1531.0,1035.0,2.0,1.99122,False
0.0,0.0,0.0,0.0,5596.0,17257.0,19264.0,1545.0,1569.0,1598.0,1512.0,1515.0,1836.0,1.65,False
0.0,0.0,0.0,0.0,0.0,61.0,21832.0,7889.0,0.0,0.0,0.0,0.0,0.0,-4.65,False
3361.0,865.0,1388.0,1075.0,2005.0,2139.0,835.0,1032.0,1331.0,3975.0,2516.0,794.0,2002.0,6.57577,False
0.0,0.0,0.0,562.0,43676.0,8246.0,0.0,0.0,0.0,0.0,0.0,0.0,0.0,5.65,False
264.0,5589.0,6374.0,7848.0,5900.0,4726.0,4810.0,7625.0,3647.0,5422.0,1375.0,0.0,0.0,-1.81889,False
0.0,664.0,15432.0,21902.0,20123.0,15249.0,0.0,0.0,0.0,0.0,0.0,0.0,0.0,-2.00653,False
0.0,0.0,0.0,22376.0,62633.0,0.0,0.0,0.0,0.0,0.0,0.0,0.0,0.0,-4.95,False
0.0,0.0,0.0,1296.0,13936.0,11459.0,9827.0,12166.0,0.0,0.0,0.0,0.0,0.0,-3.00256,False
1995.0,528.0,1648.0,910.0,1506.0,964.0,786.0,1297.0,1121.0,871.0,411.0,604.0,1284.0,-5.3241,False
810.0,933.0,1400.0,3674.0,1666.0,1818.0,24256.0,6925.0,945.0,861.0,1730.0,1769.0,117.0,-5.77179,False
0.0,1033.0,5323.0,4468.0,5625.0,5153.0,7077.0,11492.0,1044.0,0.0,0.0,0.0,0.0,-7.95051,False
0.0,0.0,10493.0,10164.0,1371.0,2240.0,3095.0,544.0,0.0,0.0,0.0,0.0,0.0,0.335319,False
2469.0,1337.0,14285.0,12245.0,1985.0,2889.0,1764.0,1055.0,1146.0,2019.0,1968.0,489.0,0.0,-7.11305,False
0.0,0.0,3.0,2601.0,3738.0,2926.0,3885.0,4457.0,5064.0,2682.0,0.0,0.0,0.0,-7.14298,False
4199.0,2177.0,1851.0,1368.0,2020.0,971.0,1993.0,1719.0,1530.0,4919.0,4362.0,1844.0,36.0,7.55601,False
3829.0,1578.0,1787.0,1855.0,2238.0,1539.0,2088.0,1718.0,1630.0,1105.0,2414.0,1926.0,1366.0,6.87101,False
0.0,0.0,0.0,33.0,34791.0,23257.0,0.0,0.0,0.0,0.0,0.0,0.0,0.0,1.75,False
0.0,0.0,0.0,1.0,6293.0,11922.0,17739.0,14780.0,5032.0,0.0,0.0,0.0,0.0,-3.87561,False
2362.0,3946.0,3933.0,1555.0,2140.0,2268.0,2618.0,1802.0,3425.0,2340.0,0.0,0.0,0.0,-6.45875,False
2987.0,3039.0,864.0,1606.0,957.0,1547.0,1213.0,3001.0,2169.0,2063.0,1058.0,2261.0,2332.0,5.16358,False
0.0,0.0,3487.0,3219.0,3659.0,5456.0,6317.0,6767.0,5935.0,3741.0,3.0,0.0,0.0,5.0883,False
987.0,935.0,586.0,1085.0,551.0,537.0,1022.0,4177.0,1886.0,1161.0,1309.0,813.0,802.0,3.40028,False
1749.0,1440.0,1473.0,931.0,1176.0,1156.0,1152.0,663.0,948.0,1029.0,1282.0,1735.0,574.0,1.37181,False
1523.0,1257.0,1196.0,614.0,801.0,508.0,557.0,1241.0,1316.0,2694.0,1470.0,792.0,1069.0,0.798507,False
0.0,0.0,0.0,2.0,832.0,2061.0,1877.0,2598.0,9115.0,0.0,0.0,0.0,0.0,-4.14952,False
1740.0,998.0,873.0,593.0,952.0,1304.0,1075.0,739.0,1091.0,824.0,868.0,1284.0,1664.0,0.656865,False
62.0,1132.0,1589.0,1981.0,1713.0,1247.0,4077.0,1845.0,784.0,2207.0,1243.0,0.0,0.0,-7.68355,False
0.0,0.0,0.0,0.0,0.0,2458.0,5256.0,16701.0,0.0,0.0,0.0,0.0,0.0,2.70893,False
0.0,0.0,0.0,0.0,2350.0,2354.0,5574.0,6882.0,6041.0,374.0,0.0,0.0,0.0,0.509066,False
3023.0,2241.0,1107.0,1598.0,3460.0,1891.0,1275.0,1045.0,1336.0,1021.0,1024.0,1120.0,1872.0,-1.0401,False
0.0,0.0,0.0,0.0,0.0,296.0,39137.0,9390.0,0.0,0.0,0.0,0.0,0.0,5.35,False
0.0,0.0,181.0,16420.0,21689.0,16496.0,7.0,0.0,0.0,0.0,0.0,0.0,0.0,3.27267,False
2375.0,1738.0,750.0,1500.0,14764.0,4491.0,917.0,618.0,1061.0,1274.0,911.0,930.0,941.0,-1.85321,False
0.0,0.0,0.0,0.0,17786.0,49771.0,0.0,0.0,0.0,0.0,0.0,0.0,0.0,-3.05,False
191.0,829.0,1698.0,2893.0,1206.0,985.0,1177.0,600.0,1101.0,4355.0,0.0,0.0,0.0,-3.69681,False
3799.0,572.0,629.0,1100.0,1075.0,1096.0,830.0,690.0,821.0,1317.0,1212.0,0.0,0.0,-7.7882,False
3863.0,1887.0,1287.0,3082.0,2215.0,5336.0,2144.0,1572.0,1830.0,1367.0,2372.0,2222.0,111.0,4.76899,False
1041.0,858.0,582.0,674.0,675.0,1011.0,805.0,1462.0,1146.0,1120.0,1689.0,1201.0,105.0,-3.62204,False
3285.0,1342.0,903.0,999.0,1352.0,1224.0,987.0,1155.0,1260.0,1786.0,1086.0,906.0,2554.0,-5.51264,False
1578.0,878.0,1050.0,743.0,1883.0,864.0,911.0,535.0,1663.0,1541.0,947.0,1138.0,2104.0,4.06091,False
3030.0,4685.0,1699.0,5824.0,2036.0,2368.0,2201.0,1128.0,0.0,0.0,0.0,0.0,0.0,4.54341,False
2128.0,665.0,1087.0,1467.0,1128.0,1193.0,1525.0,1463.0,910.0,665.0,783.0,943.0,1335.0,-1.56229,False
0.0,0.0,0.0,0.0,523.0,1876.0,7238.0,12359.0,993.0,0.0,0.0,0.0,0.0,-4.83705,False
0.0,0.0,0.0,251.0,1392.0,1456.0,12490.0,14108.0,0.0,0.0,0.0,0.0,0.0,-7.38277,False
1673.0,1492.0,1102.0,666.0,1056.0,799.0,1337.0,2026.0,972.0,1762.0,576.0,695.0,1058.0,5.43589,False
2524.0,1143.0,4080.0,1429.0,594.0,805.0,1166.0,491.0,1011.0,795.0,726.0,1385.0,1169.0,0.980068,False
2247.0,791.0,946.0,433.0,1051.0,1584.0,817.0,756.0,920.0,882.0,2027.0,1142.0,892.0,-0.664619,False
1877.0,931.0,1506.0,1518.0,756.0,1536.0,1690.0,458.0,1129.0,522.0,547.0,1014.0,629.0,-6.54339,False
2779.0,982.0,1197.0,3753.0,4769.0,2326.0,2123.0,2322.0,1852.0,800.0,990.0,1257.0,1222.0,0.881988,False
0.0,0.0,231.0,2466.0,3730.0,4273.0,3646.0,2397.0,1957.0,10576.0,2285.0,0.0,0.0,2.82056,False
0.0,341.0,12988.0,4611.0,2560.0,11.0,0.0,0.0,0.0,0.0,0.0,0.0,0.0,0.409531,False
315.0,2466.0,2221.0,1729.0,2099.0,2154.0,2119.0,2285.0,1400.0,3152.0,3818.0,451.0,0.0,3.78328,False
2791.0,1821.0,596.0,649.0,1203.0,531.0,895.0,1716.0,1435.0,1032.0,604.0,1133.0,613.0,0.444458,False
770.0,872.0,1212.0,417.0,2321.0,1446.0,820.0,935.0,1120.0,2325.0,1293.0,835.0,562.0,-3.37088,False
6517.0,3673.0,9102.0,11555.0,5190.0,4450.0,5641.0,11334.0,3325.0,0.0,0.0,0.0,0.0,-4.65731,False
0.0,725.0,2866.0,2505.0,2623.0,2728.0,3126.0,3594.0,3352.0,2752.0,2084.0,0.0,0.0,-5.99424,False
317.0,20018.0,9891.0,9028.0,3493.0,1488.0,924.0,75.0,0.0,0.0,0.0,0.0,0.0,-6.45497,False
1921.0,608.0,701.0,1255.0,1265.0,653.0,1009.0,2286.0,965.0,732.0,1107.0,776.0,821.0,-0.994339,False
15.0,6763.0,4062.0,3482.0,3516.0,4303.0,2514.0,2768.0,0.0,0.0,0.0,0.0,0.0,-2.44809,False
2608.0,12149.0,3732.0,5864.0,6337.0,5373.0,8028.0,5125.0,239.0,0.0,0.0,0.0,0.0,3.24821,False
0.0,0.0,0.0,0.0,38.0,39617.0,19783.0,0.0,0.0,0.0,0.0,0.0,0.0,6.65,False
0.0,0.0,3.0,2488.0,5029.0,8570.0,3947.0,6779.0,4252.0,5668.0,0.0,0.0,0.0,-1.81433,False
2545.0,663.0,446.0,395.0,573.0,788.0,1143.0,1140.0,697.0,1253.0,988.0,1015.0,456.0,-7.67216,False
3115.0,1927.0,3593.0,3228.0,4180.0,2736.0,3599.0,3401.0,13327.0,1772.0,0.0,0.0,0.0,-1.26782,False
0.0,0.0,0.0,1948.0,6770.0,7089.0,8630.0,9798.0,5525.0,0.0,0.0,0.0,0.0,1.11696,False
0.0,0.0,150.0,1345.0,1067.0,1695.0,1978.0,1289.0,4295.0,4787.0,2368.0,2452.0,2101.0,-7.76059,False
3641.0,782.0,1259.0,1864.0,1706.0,2701.0,1037.0,1347.0,1788.0,1372.0,2537.0,769.0,0.0,-3.26735,False
0.0,0.0,0.0,0.0,177.0,5938.0,11771.0,2704.0,2825.0,14625.0,10202.0,5.0,0.0,6.45,False
4878.0,648.0,780.0,1581.0,14167.0,628.0,1270.0,812.0,956.0,860.0,739.0,721.0,890.0,3.88205,False
0.0,0.0,0.0,0.0,0.0,84.0,33407.0,10918.0,0.0,0.0,0.0,0.0,0.0,-2.55,False
2822.0,1468.0,2795.0,1387.0,1572.0,2767.0,2355.0,1694.0,1452.0,1930.0,2378.0,1535.0,66.0,7.24752,False
173.0,2288.0,2367.0,3064.0,3152.0,2553.0,3748.0,3985.0,5883.0,4159.0,812.0,0.0,0.0,-6.13441,False
0.0,0.0,0.0,1249.0,2404.0,1625.0,9425.0,17151.0,0.0,0.0,0.0,0.0,0.0,-7.62587,False
0.0,0.0,2783.0,3184.0,6832.0,4989.0,3675.0,4951.0,9784.0,5891.0,46.0,0.0,0.0,6.98696,False
3097.0,1581.0,534.0,841.0,1041.0,2742.0,949.0,723.0,1409.0,725.0,1254.0,1304.0,1758.0,6.13152,False
0.0,0.0,4109.0,23790.0,20911.0,207.0,0.0,0.0,0.0,0.0,0.0,0.0,0.0,3.30681,False
0.0,2922.0,5672.0,2939.0,6346.0,5478.0,4507.0,4811.0,461.0,0.0,0.0,0.0,0.0,-6.23052,False
674.0,702.0,635.0,813.0,1714.0,1064.0,1224.0,3804.0,2197.0,1576.0,1249.0,2.0,0.0,4.33676,False
1206.0,615.0,939.0,526.0,885.0,2090.0,2029.0,621.0,1731.0,1571.0,1133.0,672.0,472.0,-3.1909,False
515.0,10762.0,5154.0,6119.0,6030.0,3745.0,4.0,0.0,0.0,0.0,0.0,0.0,0.0,5.11934,False
1064.0,1954.0,805.0,6909.0,6988.0,1190.0,1173.0,1574.0,1407.0,1125.0,1302.0,0.0,0.0,7.40252,False
1264.0,5811.0,502.0,901.0,2072.0,1672.0,1152.0,2797.0,1359.0,2123.0,1144.0,1393.0,667.0,-6.35341,False
1881.0,791.0,676.0,2476.0,700.0,1891.0,1366.0,775.0,3621.0,1141.0,687.0,619.0,0.0,-7.83114,False
0.0,0.0,0.0,0.0,0.0,15976.0,49499.0,3458.0,19363.0,11386.0,175.0,0.0,0.0,-6.05,False
0.0,0.0,363.0,863.0,1016.0,1188.0,1575.0,9851.0,4585.0,172.0,0.0,0.0,0.0,-6.45174,False
1194.0,3689.0,3801.0,1757.0,2119.0,1600.0,5303.0,437.0,0.0,0.0,0.0,0.0,0.0,-7.50983,False
1627.0,1882.0,6304.0,8613.0,10170.0,9024.0,2619.0,0.0,0.0,0.0,0.0,0.0,0.0,-2.15867,False
1490.0,11943.0,22000.0,2672.0,3401.0,2717.0,2922.0,1893.0,3.0,0.0,0.0,0.0,0.0,4.67821,False
0.0,0.0,0.0,0.0,6475.0,12025.0,8282.0,7985.0,8085.0,341.0,0.0,0.0,0.0,1.3071,False
0.0,0.0,479.0,4606.0,3687.0,4235.0,10283.0,6997.0,3248.0,3779.0,0.0,0.0,0.0,-1.58021,False
2749.0,3085.0,3204.0,2731.0,8685.0,4739.0,3572.0,4580.0,2559.0,3190.0,3393.0,2703.0,679.0,-1.07093,False
5419.0,3191.0,2902.0,11984.0,8054.0,3747.0,1882.0,2207.0,3519.0,3382.0,2228.0,3596.0,2349.0,-1.26624,False
9810.0,6566.0,1519.0,1416.0,2825.0,745.0,1059.0,1241.0,1189.0,1326.0,1755.0,633.0,0.0,-2.55864,False
4832.0,4282.0,12333.0,2214.0,2517.0,2614.0,2020.0,5007.0,1377.0,0.0,0.0,0.0,0.0,-2.89733,False
0.0,0.0,0.0,125.0,32619.0,11120.0,0.0,0.0,0.0,0.0,0.0,0.0,0.0,-5.05,False
0.0,0.0,1537.0,1572.0,1216.0,2824.0,1741.0,20193.0,1759.0,1146.0,14.0,0.0,0.0,7.77861,False
0.0,0.0,0.0,0.0,0.0,4837.0,28324.0,8937.0,0.0,0.0,0.0,0.0,0.0,-3.85,False
0.0,0.0,0.0,188.0,9271.0,3208.0,2079.0,1969.0,1984.0,1693.0,1669.0,1608.0,1496.0,0.100001,False
14.0,824.0,7179.0,1668.0,1974.0,653.0,1219.0,1947.0,927.0,1527.0,591.0,0.0,0.0,-2.22693,False
0.0,844.0,1110.0,1163.0,958.0,1502.0,1526.0,2093.0,1297.0,2306.0,2014.0,982.0,0.0,4.70465,False
0.0,0.0,0.0,0.0,0.0,2308.0,6443.0,19613.0,1388.0,0.0,0.0,0.0,0.0,4.30593,False
0.0,0.0,0.0,4379.0,6837.0,1538.0,1443.0,1404.0,1416.0,1423.0,1387.0,1388.0,1382.0,2.15,False
0.0,9558.0,14215.0,3216.0,17309.0,1061.0,0.0,0.0,0.0,0.0,0.0,0.0,0.0,6.15,False
0.0,0.0,0.0,2009.0,7019.0,2699.0,1358.0,1372.0,1434.0,1495.0,1591.0,1797.0,1959.0,4.60848,False
0.0,1848.0,8867.0,6474.0,7401.0,6445.0,3939.0,0.0,0.0,0.0,0.0,0.0,0.0,7.67428,False
2203.0,1554.0,1312.0,2051.0,1466.0,1525.0,916.0,1100.0,734.0,2635.0,927.0,721.0,636.0,-2.18033,False
0.0,0.0,12965.0,11605.0,8414.0,7885.0,14922.0,280.0,0.0,0.0,0.0,0.0,0.0,1.06934,False
1362.0,1199.0,844.0,690.0,413.0,991.0,709.0,743.0,723.0,942.0,523.0,1365.0,983.0,-5.30664,False
2623.0,3557.0,6808.0,5547.0,8179.0,4950.0,3294.0,3656.0,48.0,0.0,0.0,0.0,0.0,0.143455,False
0.0,5.0,9350.0,5608.0,6156.0,6439.0,4598.0,3852.0,4503.0,0.0,0.0,0.0,0.0,-7.5527,False
0.0,0.0,0.0,0.0,0.0,254.0,23996.0,6037.0,0.0,0.0,0.0,0.0,0.0,3.85,False
8763.0,2660.0,2647.0,2377.0,3085.0,3276.0,4515.0,2814.0,3878.0,3349.0,33.0,0.0,0.0,0.917916,False
6011.0,1957.0,1507.0,1616.0,2310.0,3408.0,1615.0,2416.0,1562.0,1642.0,1293.0,1583.0,2207.0,-3.43164,False
0.0,83.0,1051.0,1198.0,2374.0,1043.0,1741.0,1814.0,1785.0,3068.0,839.0,9744.0,0.0,-4.10967,False
1.0,8225.0,7493.0,6899.0,7271.0,11896.0,12589.0,21971.0,5653.0,0.0,0.0,0.0,0.0,-1.15998,False
0.0,797.0,14661.0,16913.0,16294.0,22408.0,0.0,0.0,0.0,0.0,0.0,0.0,0.0,-7.3894,False
0.0,0.0,0.0,0.0,286.0,3361.0,2819.0,3935.0,7124.0,0.0,0.0,0.0,0.0,-1.37542,False
3243.0,1373.0,1769.0,6603.0,1694.0,888.0,887.0,1239.0,1735.0,1576.0,1136.0,1258.0,1997.0,-6.31663,False
2582.0,679.0,1194.0,2432.0,730.0,1056.0,1064.0,790.0,622.0,1104.0,734.0,862.0,1262.0,-7.30365,False
3493.0,504.0,3455.0,913.0,803.0,799.0,1079.0,826.0,918.0,892.0,2684.0,919.0,706.0,-1.47633,False
1927.0,1247.0,707.0,672.0,789.0,1213.0,1242.0,1347.0,5442.0,969.0,2372.0,1457.0,900.0,-2.73054,False
0.0,0.0,0.0,6675.0,17817.0,11246.0,10895.0,12256.0,1757.0,0.0,0.0,0.0,0.0,7.68671,False
0.0,0.0,2698.0,23793.0,4509.0,0.0,0.0,0.0,0.0,0.0,0.0,0.0,0.0,0.65,False
0.0,0.0,0.0,0.0,0.0,81.1,27836.3,9654.2,0.0,0.0,0.0,0.0,0.0,1.15,False
0.0,0.0,0.0,0.0,5904.0,15450.0,12626.0,16717.0,6233.0,0.0,0.0,0.0,0.0,-3.1716,False
0.0,650.0,1164.0,2096.0,1632.0,1449.0,1907.0,1893.0,1905.0,1470.0,1614.0,0.0,0.0,-6.99516,False
0.0,0.0,0.0,97.0,32351.0,18670.0,0.0,0.0,0.0,0.0,0.0,0.0,0.0,7.15,False
1421.0,1019.0,866.0,452.0,2978.0,872.0,515.0,1005.0,841.0,3010.0,683.0,25.0,0.0,-5.85147,False
0.0,460.0,7827.0,8570.0,17574.0,9513.0,11984.0,1786.0,0.0,0.0,0.0,0.0,0.0,7.48143,False
730.0,972.0,2920.0,1837.0,1439.0,1392.0,1350.0,1309.0,1619.0,2995.0,2192.0,2195.0,286.0,-5.20242,False
5655.0,5898.0,13109.0,5763.0,4219.0,3983.0,6398.0,1229.0,0.0,0.0,0.0,0.0,0.0,-6.93163,False
0.0,0.0,6124.0,4633.0,4197.0,2170.0,10073.0,9346.0,0.0,0.0,0.0,0.0,0.0,-7.12833,False
2623.0,1381.0,1119.0,3265.0,1506.0,847.0,3869.0,1900.0,1318.0,1115.0,12803.0,1001.0,1392.0,5.40052,False
57.0,4048.0,4728.0,10169.0,3604.0,2446.0,9906.0,4210.0,1423.0,0.0,0.0,0.0,0.0,7.72167,False
0.0,0.0,0.0,0.0,7535.0,21065.0,25477.0,13979.0,6237.0,9027.0,3.0,0.0,0.0,5.73356,False
0.0,0.0,0.0,0.0,3323.0,13245.0,13964.0,11662.0,4708.0,0.0,0.0,0.0,0.0,-0.393673,False
1262.0,14115.0,5475.0,3587.0,2139.0,3798.0,304.0,0.0,0.0,0.0,0.0,0.0,0.0,-3.69915,False
18631.0,9225.0,4574.0,4755.0,3691.0,5753.0,583.0,0.0,0.0,0.0,0.0,0.0,0.0,-6.80318,False
0.0,0.0,0.0,0.0,0.0,9531.0,25724.0,11341.0,0.0,0.0,0.0,0.0,0.0,0.868965,False
2193.0,447.0,776.0,654.0,968.0,1429.0,1068.0,751.0,938.0,456.0,843.0,1493.0,2348.0,-0.451092,False
1700.0,904.0,979.0,2110.0,2792.0,780.0,1486.0,1295.0,1375.0,3897.0,2266.0,898.0,1447.0,2.03649,False
1617.0,602.0,748.0,1515.0,1074.0,764.0,877.0,1298.0,2014.0,939.0,923.0,722.0,740.0,7.74122,False
3806.0,1187.0,2785.0,601.0,951.0,552.0,813.0,876.0,588.0,775.0,571.0,491.0,1165.0,-2.10019,False
1375.0,2530.0,1331.0,2283.0,3747.0,3593.0,5414.0,1204.0,3544.0,1144.0,2583.0,0.0,0.0,7.40985,False
2899.0,2907.0,1680.0,2573.0,3012.0,2762.0,2549.0,4210.0,4434.0,1790.0,116.0,0.0,0.0,6.38597,False
3389.0,3811.0,4702.0,18855.0,13230.0,11376.0,12690.0,638.0,822.0,457.0,1001.0,2516.0,1817.0,4.63607,False
0.0,0.0,161.0,28900.0,6666.0,113.0,0.0,0.0,0.0,0.0,0.0,0.0,0.0,3.30904,False
0.0,0.0,0.0,0.0,2551.0,9034.0,7764.0,7261.0,7068.0,0.0,0.0,0.0,0.0,-3.98135,False
2356.0,2345.0,1225.0,724.0,1209.0,908.0,851.0,737.0,1310.0,2081.0,1254.0,2926.0,447.0,7.64263,False
4017.0,3395.0,1215.0,2233.0,911.0,1101.0,836.0,1881.0,1580.0,1102.0,234.0,0.0,0.0,4.98258,False
0.0,0.0,5678.0,8233.0,7018.0,18167.0,5834.0,7845.0,6171.0,848.0,0.0,0.0,0.0,5.89485,False
2479.0,1318.0,1509.0,1080.0,707.0,1230.0,744.0,1297.0,1453.0,1046.0,1391.0,756.0,0.0,-3.56285,False
3334.0,498.0,1514.0,1440.0,1026.0,1156.0,1052.0,539.0,771.0,1245.0,1405.0,488.0,879.0,-4.80485,False
4210.0,1197.0,1188.0,729.0,927.0,807.0,1131.0,1816.0,603.0,971.0,852.0,1035.0,49.0,5.66957,False
5289.0,2524.0,2705.0,2505.0,5276.0,4746.0,1118.0,0.0,0.0,0.0,0.0,0.0,0.0,5.4917,False
11223.0,4384.0,3208.0,5657.0,4884.0,3954.0,4016.0,4138.0,7003.0,11391.0,3694.0,2.0,0.0,7.87919,False
0.0,4024.0,7853.0,5358.0,4304.0,1725.0,0.0,0.0,0.0,0.0,0.0,0.0,0.0,3.58735,False
2341.0,1365.0,1073.0,736.0,1082.0,772.0,1057.0,1956.0,1113.0,1422.0,4655.0,829.0,0.0,-0.247517,False
0.0,0.0,0.0,0.0,0.0,9098.0,33699.0,0.0,0.0,0.0,0.0,0.0,0.0,-2.25,False
0.0,0.0,0.0,1.0,3826.0,7875.0,13146.0,8603.0,3961.0,0.0,0.0,0.0,0.0,-2.67498,False
64.0,4971.0,4064.0,2801.0,937.0,1169.0,1701.0,1260.0,943.0,932.0,21.0,0.0,0.0,-7.7115,False
0.0,0.0,0.0,4780.0,41354.0,0.0,0.0,0.0,0.0,0.0,0.0,0.0,0.0,7.35,False
0.0,0.0,386.0,4233.0,4101.0,9862.0,21267.0,3876.0,3175.0,10683.0,2079.0,0.0,0.0,2.65,False
1452.0,3512.0,6716.0,1493.0,1659.0,1258.0,1677.0,1455.0,10.0,0.0,0.0,0.0,0.0,1.11422,False
555.0,1954.0,1916.0,2967.0,13080.0,17813.0,2771.0,2288.0,1527.0,1753.0,2807.0,1161.0,0.0,0.879197,False
0.0,0.0,0.0,0.0,3625.0,37386.0,0.0,0.0,0.0,0.0,0.0,0.0,0.0,-3.35,False
0.0,0.0,353.0,27246.0,19156.0,13230.0,7.0,0.0,0.0,0.0,0.0,0.0,0.0,5.30512,False
4679.0,2840.0,3732.0,1578.0,1932.0,2698.0,4037.0,4747.0,3278.0,2046.0,2628.0,2765.0,4399.0,-0.918305,False
1300.0,1774.0,2204.0,1143.0,1495.0,963.0,901.0,10132.0,14504.0,1327.0,1049.0,350.0,0.0,-5.65707,False
0.0,0.0,0.0,0.0,368.0,24374.0,22199.0,677.0,0.0,0.0,0.0,0.0,0.0,6.20035,False
3104.0,2083.0,1913.0,1217.0,606.0,1281.0,704.0,1023.0,1028.0,9052.0,9568.0,3249.0,4365.0,-3.58049,False
1.0,2167.0,3945.0,4248.0,4408.0,3943.0,2514.0,2620.0,2413.0,3745.0,2649.0,0.0,0.0,-5.10037,False
0.0,0.0,0.0,0.0,0.0,4378.0,7559.0,2680.0,1964.0,2976.0,2935.0,1853.0,1964.0,2.68985,False
1777.0,838.0,1062.0,969.0,954.0,674.0,1047.0,834.0,748.0,985.0,1121.0,1303.0,1277.0,2.9838,False
0.0,0.0,0.0,3.0,2680.0,2788.0,5270.0,15419.0,177.0,0.0,0.0,0.0,0.0,-0.537764,False
0.0,0.0,413.0,3083.0,2030.0,2808.0,2829.0,2606.0,3106.0,2519.0,1939.0,0.0,0.0,5.9906,False
369.0,771.0,2067.0,2716.0,1685.0,3954.0,2280.0,1829.0,2081.0,1807.0,1759.0,155.0,0.0,5.64727,False
2748.0,5691.0,6183.0,1204.0,1326.0,1183.0,2287.0,1058.0,1829.0,895.0,1722.0,3700.0,0.0,-2.52264,False
0.0,0.0,0.0,3950.0,16024.0,15224.0,18949.0,4028.0,0.0,0.0,0.0,0.0,0.0,-5.96538,False
1819.0,669.0,781.0,749.0,1219.0,844.0,1821.0,662.0,2247.0,1706.0,906.0,882.0,1268.0,7.6336,False
47.0,4607.0,2124.0,4368.0,2650.0,3148.0,4149.0,2764.0,0.0,0.0,0.0,0.0,0.0,-7.49983,False
1880.0,1238.0,958.0,769.0,793.0,1008.0,8684.0,2814.0,1113.0,1738.0,877.0,912.0,467.0,3.23081,False
0.0,2398.0,9282.0,7370.0,7313.0,10158.0,15000.0,7022.0,8113.0,4385.0,4065.0,0.0,0.0,-2.14989,False
2045.0,1737.0,1216.0,1577.0,1511.0,949.0,1322.0,2569.0,3268.0,537.0,4.0,0.0,0.0,7.23703,False
0.0,0.0,1261.0,7328.0,4914.0,4427.0,5327.0,5333.0,7653.0,1516.0,0.0,0.0,0.0,-3.65373,False
0.0,0.0,0.0,0.0,492.0,24565.0,17744.0,2282.0,0.0,0.0,0.0,0.0,0.0,-4.35,False
2547.0,1273.0,857.0,973.0,2431.0,800.0,856.0,873.0,1201.0,663.0,1278.0,1054.0,1277.0,1.23812,False
1844.0,850.0,1963.0,1339.0,1129.0,1105.0,1449.0,1270.0,975.0,842.0,1809.0,611.0,1320.0,-0.356266,False
0.0,0.0,2262.0,46950.0,39368.0,4670.0,2776.0,2609.0,2424.0,2539.0,2661.0,3350.0,4555.0,-5.45,False
0.0,0.0,0.0,450.0,17041.0,35301.0,50.0,0.0,0.0,0.0,0.0,0.0,0.0,1.45,False
0.0,0.0,0.0,0.0,0.0,4278.0,18043.0,10642.0,0.0,0.0,0.0,0.0,0.0,-0.1,False
0.0,0.0,27.0,27874.0,9563.0,0.0,0.0,0.0,0.0,0.0,0.0,0.0,0.0,-1.95,False
921.0,688.0,646.0,1160.0,919.0,1249.0,852.0,580.0,917.0,1182.0,2252.0,380.0,0.0,-3.40552,False
0.0,0.0,0.0,0.0,12539.0,31307.0,14128.0,2.0,0.0,0.0,0.0,0.0,0.0,7.55976,False
0.0,0.0,0.0,0.0,26087.0,36784.0,3612.0,0.0,0.0,0.0,0.0,0.0,0.0,4.80019,False
0.0,0.0,3.0,21775.0,13819.0,0.0,0.0,0.0,0.0,0.0,0.0,0.0,0.0,2.45,False
0.0,0.0,0.0,4326.0,32123.0,25400.0,192.0,0.0,0.0,0.0,0.0,0.0,0.0,1.16288,False
29173.0,3286.0,14385.0,22969.0,12802.0,7428.0,0.0,0.0,0.0,0.0,0.0,0.0,0.0,-1.36737,False
4999.0,2050.0,1984.0,1853.0,2725.0,5559.0,6464.0,4090.0,1771.0,0.0,0.0,0.0,0.0,-2.4162,False
0.0,0.0,1671.0,4098.0,7098.0,6744.0,7560.0,5031.0,3790.0,3623.0,0.0,0.0,0.0,-5.1984,False
0.0,1167.0,2305.0,1559.0,1675.0,4164.0,1020.0,1882.0,1186.0,2218.0,1718.0,988.0,11.0,4.98282,False
0.0,0.0,0.0,0.0,9293.0,2990.0,3267.0,7483.0,8729.0,7.0,0.0,0.0,0.0,0.274444,False
0.0,0.0,4.0,19462.0,35286.0,18532.0,10.0,0.0,0.0,0.0,0.0,0.0,0.0,1.86127,False
3123.0,961.0,646.0,740.0,622.0,1559.0,889.0,3076.0,903.0,1265.0,669.0,1134.0,1406.0,-0.634559,False
2583.0,1648.0,1693.0,1090.0,1759.0,914.0,951.0,1102.0,763.0,971.0,956.0,3021.0,944.0,-4.46582,False
0.0,0.0,12439.0,4886.0,9669.0,17669.0,13883.0,15140.0,1057.0,0.0,0.0,0.0,0.0,-6.07227,False
0.0,0.0,0.0,0.0,1.0,22790.0,32889.0,0.0,0.0,0.0,0.0,0.0,0.0,-6.45,False
4573.0,1725.0,2509.0,1801.0,1727.0,1277.0,1649.0,1539.0,976.0,1561.0,1665.0,319.0,0.0,5.47,False
187.0,3076.0,1849.0,1754.0,1610.0,1968.0,1465.0,1341.0,1432.0,1513.0,2948.0,581.0,0.0,2.7833,False
17662.0,1410.0,1347.0,1432.0,1545.0,1232.0,1443.0,1384.0,2905.0,1082.0,1877.0,2295.0,1904.0,0.922155,False
0.0,0.0,466.0,11590.0,14684.0,16329.0,23617.0,0.0,0.0,0.0,0.0,0.0,0.0,-0.18535,False
0.0,0.0,12.0,2302.0,3859.0,6922.0,12357.0,4776.0,3594.0,2754.0,0.0,0.0,0.0,-0.497859,False
0.0,1078.0,9568.0,14551.0,20523.0,20047.0,82.0,0.0,0.0,0.0,0.0,0.0,0.0,-5.46578,False
0.0,366.0,927.0,935.0,2179.0,2488.0,2187.0,991.0,1358.0,919.0,1478.0,2831.0,36.0,7.74011,False
3577.0,2276.0,6510.0,6966.0,7945.0,9581.0,0.0,0.0,0.0,0.0,0.0,0.0,0.0,-6.43675,False
1105.0,1583.0,807.0,849.0,1045.0,1314.0,1704.0,718.0,1148.0,650.0,1151.0,1239.0,211.0,-6.15482,False
2546.0,704.0,752.0,930.0,692.0,913.0,799.0,2165.0,1212.0,1310.0,1466.0,974.0,1161.0,7.31598,False
4868.0,1579.0,2440.0,1273.0,1909.0,1651.0,2003.0,1678.0,1532.0,2145.0,1572.0,3964.0,1849.0,4.55818,False
0.0,0.0,1.0,1474.0,4576.0,7284.0,12770.0,6798.0,12666.0,183.0,0.0,0.0,0.0,-0.708724,False
2716.0,1189.0,994.0,4571.0,1657.0,2063.0,710.0,504.0,643.0,599.0,1021.0,542.0,808.0,-6.92711,False
3145.0,1451.0,1145.0,1802.0,1433.0,1249.0,1546.0,4212.0,9223.0,1053.0,1265.0,1786.0,1024.0,-3.78871,False
0.0,1.0,3572.0,25951.0,8024.0,7902.0,11334.0,10587.0,9317.0,645.0,0.0,0.0,0.0,-6.29535,False
3.0,1131.0,2677.0,2643.0,3195.0,4129.0,5124.0,2175.0,1766.0,2179.0,4930.0,0.0,0.0,-4.04625,False
933.0,5489.0,1741.0,688.0,2049.0,865.0,672.0,935.0,1003.0,293.0,0.0,0.0,0.0,-2.49184,False
0.0,486.0,2215.0,1380.0,948.0,2364.0,1935.0,1246.0,2116.0,981.0,6677.0,11354.0,16.0,7.33629,False
0.0,0.0,1509.0,1968.0,1362.0,1210.0,883.0,1498.0,7831.0,707.0,2.0,0.0,0.0,7.1446,False
0.0,0.0,0.0,0.0,0.0,737.0,39832.0,3781.0,0.0,0.0,0.0,0.0,0.0,5.75,False
2001.0,7975.0,9724.0,1836.0,1717.0,2604.0,1548.0,952.0,9.0,0.0,0.0,0.0,0.0,3.16477,False
0.0,0.0,0.0,0.0,8721.0,19064.0,40070.0,33781.0,5116.0,0.0,0.0,0.0,0.0,-6.39274,False
10202.0,775.0,8419.0,13261.0,712.0,1413.0,1383.0,1119.0,575.0,710.0,671.0,807.0,1135.0,-6.90931,False
1262.0,2485.0,3185.0,2960.0,8755.0,26343.0,2751.0,332.0,0.0,0.0,0.0,0.0,0.0,-7.99331,False
0.0,0.0,5545.0,17729.0,6612.0,0.0,0.0,0.0,0.0,0.0,0.0,0.0,0.0,4.85,False
8110.0,2747.0,5548.0,11730.0,13894.0,10934.0,13607.0,7136.0,0.0,0.0,0.0,0.0,0.0,3.95608,False
4108.0,3315.0,2775.0,1807.0,6432.0,2709.0,3290.0,3688.0,4470.0,6125.0,3259.0,2877.0,791.0,2.00197,False
0.0,0.0,0.0,0.0,0.0,129.0,21267.0,8288.0,0.0,0.0,0.0,0.0,0.0,2.05,False
0.0,0.0,0.0,1.0,2880.0,6771.0,8784.0,10738.0,8544.0,0.0,0.0,0.0,0.0,-1.31691,False
0.0,0.0,3230.0,5134.0,3832.0,2804.0,2299.0,2925.0,6604.0,0.0,0.0,0.0,0.0,-7.31407,False
1741.0,2910.0,1961.0,1906.0,2198.0,3134.0,3527.0,1926.0,1655.0,1814.0,1952.0,17.0,0.0,7.50988,False
5008.0,20095.0,8439.0,2066.0,2551.0,3393.0,2298.0,2859.0,2711.0,3551.0,690.0,0.0,0.0,3.33585,False
0.0,0.0,450.0,3783.0,7993.0,18652.0,3464.0,1314.0,3368.0,3715.0,343.0,0.0,0.0,1.41184,False
0.0,0.0,0.0,0.0,11651.0,23581.0,21774.0,1774.0,0.0,0.0,0.0,0.0,0.0,5.71742,False
2777.0,2956.0,6663.0,4695.0,1989.0,1855.0,2780.0,1831.0,350.0,0.0,0.0,0.0,0.0,4.18579,False
73.0,3714.0,2868.0,4123.0,4385.0,21438.0,3666.0,2313.0,0.0,0.0,0.0,0.0,0.0,-5.13139,False
163.0,6637.0,9378.0,7434.0,4410.0,4839.0,6394.0,4125.0,0.0,0.0,0.0,0.0,0.0,-6.85239,False
3649.0,2954.0,9345.0,2640.0,3599.0,3900.0,3435.0,1966.0,4.0,0.0,0.0,0.0,0.0,7.78247,False
0.0,4.0,5497.0,10000.0,21250.0,12154.0,2350.0,0.0,0.0,0.0,0.0,0.0,0.0,-4.70423,False
0.0,0.0,4.0,19829.0,16873.0,0.0,0.0,0.0,0.0,0.0,0.0,0.0,0.0,0.95,False
0.0,0.0,80.0,31259.0,10611.0,12590.0,11943.0,20644.0,846.0,0.0,0.0,0.0,0.0,0.725527,False
4649.0,2185.0,3255.0,2262.0,2328.0,2560.0,5271.0,1432.0,3387.0,5554.0,2077.0,127.0,0.0,4.64875,False
0.0,0.0,0.0,15620.0,22179.0,0.0,0.0,0.0,0.0,0.0,0.0,0.0,0.0,0.45,False
3889.0,1423.0,1638.0,2023.0,2355.0,981.0,1766.0,2339.0,1214.0,1982.0,62.0,0.0,0.0,-0.696406,False
409.0,2644.0,3201.0,2262.0,2242.0,2401.0,7240.0,3091.0,2009.0,2156.0,156.0,0.0,0.0,-7.86198,False
0.0,0.0,0.0,2943.0,20328.0,20486.0,23690.0,8111.0,0.0,0.0,0.0,0.0,0.0,-5.39564,False
0.0,0.0,0.0,0.0,0.0,4935.0,20210.0,10102.0,11.0,0.0,0.0,0.0,0.0,6.05276,False
0.0,0.0,0.0,11.0,19356.0,21001.0,1570.0,1684.0,1694.0,1728.0,1552.0,1642.0,1673.0,1.25,False
1882.0,1002.0,932.0,591.0,700.0,529.0,569.0,648.0,729.0,1030.0,931.0,1430.0,1145.0,-1.2602,False
5356.0,12311.0,23167.0,7399.0,8586.0,9573.0,6581.0,8673.0,8209.0,9195.0,0.0,0.0,0.0,-1.89828,False
0.0,0.0,0.0,0.0,0.0,1374.0,31898.0,3.0,0.0,0.0,0.0,0.0,0.0,-4.05,False
0.0,0.0,0.0,0.0,29.0,35039.0,24047.0,0.0,0.0,0.0,0.0,0.0,0.0,-6.25,False
0.0,0.0,0.0,0.0,0.0,661.0,31158.0,9.0,0.0,0.0,0.0,0.0,0.0,-4.55,False
0.0,894.0,2441.0,4000.0,2955.0,2939.0,3968.0,1817.0,2124.0,3627.0,10275.0,1169.0,1.0,4.18082,False
0.0,0.0,0.0,0.0,1241.0,2859.0,4152.0,18343.0,1459.0,0.0,0.0,0.0,0.0,-3.40129,False
653.0,5729.0,6432.0,1911.0,2127.0,1867.0,1533.0,1562.0,0.0,0.0,0.0,0.0,0.0,-6.71957,False
0.0,0.0,0.0,0.0,0.0,7416.0,25826.0,11629.0,2.0,0.0,0.0,0.0,0.0,7.71725,False
0.0,0.0,0.0,0.0,0.0,6335.0,39181.0,0.0,0.0,0.0,0.0,0.0,0.0,-3.05,False
3339.0,1821.0,3404.0,9038.0,13457.0,7374.0,1661.0,992.0,823.0,68.0,0.0,0.0,0.0,6.94845,False
0.0,0.0,17.0,13960.0,9113.0,5520.0,5960.0,4857.0,13513.0,578.0,0.0,0.0,0.0,3.75,False
2905.0,1390.0,625.0,476.0,1180.0,1390.0,1407.0,451.0,529.0,894.0,600.0,655.0,783.0,-2.87941,False
0.0,0.0,0.0,0.0,2132.0,15101.0,13814.0,16648.0,15719.0,0.0,0.0,0.0,0.0,-2.67138,False
0.0,0.0,0.0,0.0,0.0,2070.0,4470.0,9715.0,18800.0,726.0,0.0,0.0,0.0,7.30941,False
2837.0,688.0,644.0,701.0,2383.0,922.0,801.0,797.0,2302.0,921.0,651.0,780.0,643.0,1.11253,False
789.0,2752.0,4246.0,1186.0,1117.0,1685.0,9457.0,1182.0,3688.0,1304.0,0.0,0.0,0.0,-0.298077,False
4083.0,2601.0,2234.0,1654.0,815.0,1354.0,1039.0,1571.0,953.0,0.0,0.0,0.0,0.0,-1.04726,False
1843.0,4656.0,3957.0,2823.0,3039.0,3282.0,3082.0,4336.0,2347.0,4178.0,1.0,0.0,0.0,-5.87359,False
0.0,0.0,0.0,0.0,1085.0,44754.0,10765.0,8723.0,7989.0,0.0,0.0,0.0,0.0,7.15,False
11.0,6275.0,3234.0,2030.0,1821.0,19295.0,8956.0,1954.0,1498.0,2.0,0.0,0.0,0.0,4.70673,False
0.0,0.0,0.0,7382.0,43107.0,0.0,0.0,0.0,0.0,0.0,0.0,0.0,0.0,3.25,False
0.0,0.0,0.0,2251.0,17702.0,15507.0,4173.0,15102.0,629.0,0.0,0.0,0.0,0.0,2.56702,False
0.0,0.0,0.0,795.0,3292.0,1101.0,2041.0,8467.0,2828.0,1112.0,0.0,0.0,0.0,-2.95365,False
0.0,0.0,0.0,0.0,2380.0,6097.0,14825.0,15597.0,1737.0,0.0,0.0,0.0,0.0,-3.81266,False
0.0,205.0,4235.0,4038.0,4377.0,3967.0,4300.0,2811.0,12722.0,16709.0,4317.0,1012.0,0.0,-5.00056,False
0.0,0.0,260.0,4398.0,16093.0,5915.0,5426.0,5606.0,8379.0,2746.0,0.0,0.0,0.0,-6.94162,False
3711.0,1825.0,2613.0,2344.0,2382.0,4215.0,1708.0,2386.0,1412.0,0.0,0.0,0.0,0.0,-7.52518,False
1113.0,1986.0,1653.0,637.0,953.0,566.0,747.0,641.0,630.0,820.0,1157.0,837.0,39.0,-3.70562,False
1729.0,946.0,1443.0,2099.0,591.0,1223.0,551.0,387.0,601.0,537.0,879.0,500.0,788.0,-6.93679,False
5325.0,2043.0,2929.0,9776.0,10986.0,4718.0,2355.0,0.0,0.0,0.0,0.0,0.0,0.0,7.22777,False
1800.0,797.0,1178.0,2074.0,890.0,4983.0,1420.0,702.0,483.0,818.0,1922.0,575.0,748.0,-2.60281,False
4.0,5500.0,889.0,2339.0,703.0,793.0,890.0,2331.0,1111.0,727.0,519.0,0.0,0.0,-4.30921,False
0.0,2094.0,5566.0,16232.0,23188.0,4858.0,1470.0,0.0,0.0,0.0,0.0,0.0,0.0,2.31069,False
2241.0,1303.0,1317.0,1506.0,469.0,638.0,806.0,881.0,494.0,1019.0,1271.0,1695.0,741.0,-4.97256,False
0.0,1034.0,2403.0,2617.0,8364.0,12130.0,25649.0,2669.0,104.0,0.0,0.0,0.0,0.0,-5.22976,False
3456.0,1376.0,1245.0,669.0,578.0,1352.0,765.0,530.0,864.0,999.0,869.0,752.0,637.0,-6.99074,False
0.0,0.0,42.0,44262.0,27036.0,0.0,0.0,0.0,0.0,0.0,0.0,0.0,0.0,7.45,False
0.0,0.0,0.0,23417.0,27819.0,16674.0,10.0,0.0,0.0,0.0,0.0,0.0,0.0,5.64437,False
12756.0,8707.0,11894.0,2270.0,13536.0,17680.0,0.0,0.0,0.0,0.0,0.0,0.0,0.0,-0.85,False
0.0,0.0,0.0,2781.0,43582.0,38.0,0.0,0.0,0.0,0.0,0.0,0.0,0.0,5.55,False
0.0,0.0,0.0,0.0,1.0,29434.0,24739.0,1515.0,0.0,0.0,0.0,0.0,0.0,3.91427,False
0.0,0.0,0.0,6588.0,40108.0,81.0,0.0,0.0,0.0,0.0,0.0,0.0,0.0,0.65,False
0.0,0.0,6.0,6058.0,13211.0,10802.0,12418.0,10280.0,8205.0,15647.0,0.0,0.0,0.0,-4.92903,False
0.0,0.0,0.0,0.0,13172.0,14630.0,2706.0,3001.0,2602.0,2746.0,2837.0,3004.0,3269.0,6.98636,False
0.0,0.0,0.0,0.0,0.0,2933.0,20683.0,13088.0,28.0,0.0,0.0,0.0,0.0,2.10959,False
0.0,34.0,7089.0,10208.0,12798.0,14510.0,1.0,0.0,0.0,0.0,0.0,0.0,0.0,-3.99147,False
300.0,2424.0,1934.0,3060.0,4086.0,1685.0,1489.0,2781.0,1923.0,3317.0,2334.0,0.0,0.0,-2.04421,False
6106.0,3371.0,3263.0,3692.0,3429.0,2610.0,4058.0,3302.0,3098.0,3709.0,2405.0,4796.0,2975.0,-7.56497,False
0.0,0.0,8399.0,19946.0,5025.0,0.0,0.0,0.0,0.0,0.0,0.0,0.0,0.0,6.45,False
0.0,0.0,0.0,16201.0,39082.0,0.0,0.0,0.0,0.0,0.0,0.0,0.0,0.0,5.95,False
2287.0,1711.0,843.0,695.0,748.0,1298.0,764.0,1336.0,1066.0,1115.0,785.0,1047.0,0.0,2.19391,False
0.0,0.0,0.0,0.0,37.0,24460.0,18785.0,0.0,0.0,0.0,0.0,0.0,0.0,-6.65,False
0.0,0.0,2534.0,7114.0,4191.0,4685.0,5100.0,5303.0,4442.0,255.0,0.0,0.0,0.0,-6.83822,False
0.0,0.0,0.0,0.0,744.0,15205.0,3326.0,3869.0,16425.0,7.0,0.0,0.0,0.0,-1.25,False
0.0,0.0,2719.0,3357.0,4743.0,9635.0,3166.0,5939.0,4625.0,3247.0,0.0,0.0,0.0,6.64823,False
0.0,0.0,182.0,4183.0,6218.0,5642.0,5140.0,8321.0,5654.0,6623.0,0.0,0.0,0.0,-1.20597,False
2251.0,536.0,1003.0,692.0,753.0,1316.0,2241.0,726.0,971.0,644.0,648.0,790.0,2070.0,-3.51327,False
0.0,0.0,0.0,0.0,1.0,4682.0,8658.0,5422.0,15251.0,2.0,0.0,0.0,0.0,-3.65,False
11409.0,6090.0,3776.0,7126.0,5728.0,1095.0,0.0,0.0,0.0,0.0,0.0,0.0,0.0,5.69763,False
3971.0,1927.0,6521.0,11118.0,7651.0,5830.0,1054.0,0.0,0.0,0.0,0.0,0.0,0.0,-6.3795,False
3822.0,3541.0,2447.0,2622.0,1532.0,2412.0,1874.0,1912.0,3011.0,1960.0,1644.0,10256.0,16159.0,2.09415,False
0.0,0.0,0.0,285.0,10448.0,1932.0,1569.0,1762.0,1626.0,1674.0,1574.0,1565.0,1503.0,5.05,False
4541.0,1300.0,1732.0,858.0,2654.0,1131.0,852.0,1135.0,801.0,2759.0,1423.0,112.0,0.0,-0.311425,False
504.0,6997.0,19778.0,1250.0,1878.0,3263.0,1156.0,1816.0,289.0,0.0,0.0,0.0,0.0,5.08786,False
0.0,0.0,2754.0,17771.0,7212.0,3362.0,4307.0,3512.0,11062.0,20758.0,16476.0,8.0,0.0,2.66116,False
0.0,53.0,12041.0,1661.0,2008.0,1916.0,2946.0,1882.0,1478.0,739.0,1.0,0.0,0.0,6.78989,False
4013.0,6539.0,1808.0,1853.0,1567.0,1979.0,1619.0,2995.0,1836.0,2587.0,632.0,0.0,0.0,5.00979,False
2119.0,713.0,5151.0,1576.0,2638.0,1302.0,848.0,1293.0,746.0,1667.0,1314.0,917.0,1843.0,5.03419,False
0.0,0.0,0.0,2369.0,13093.0,14504.0,10211.0,9512.0,3880.0,0.0,0.0,0.0,0.0,1.59486,False
0.0,0.0,7.0,2362.0,3569.0,4516.0,4464.0,3694.0,4498.0,3711.0,0.0,0.0,0.0,-4.33444,False
0.0,1325.0,14984.0,11264.0,12055.0,5504.0,0.0,0.0,0.0,0.0,0.0,0.0,0.0,-4.35872,False
0.0,0.0,0.0,4221.0,10124.0,8070.0,8480.0,8370.0,6086.0,2.0,0.0,0.0,0.0,1.13918,False
7502.0,1901.0,3038.0,1752.0,1323.0,4275.0,2241.0,1253.0,912.0,2218.0,1845.0,955.0,1646.0,-6.24559,False
1758.0,996.0,574.0,562.0,1000.0,1262.0,916.0,1280.0,1261.0,2011.0,601.0,409.0,601.0,-2.40902,False
1052.0,753.0,2080.0,781.0,1760.0,1168.0,889.0,878.0,8795.0,885.0,807.0,929.0,178.0,-3.32641,False
0.0,0.0,4642.0,20298.0,23111.0,104.0,0.0,0.0,0.0,0.0,0.0,0.0,0.0,0.430049,False
3109.0,2658.0,7893.0,8757.0,9317.0,3049.0,0.0,0.0,0.0,0.0,0.0,0.0,0.0,-2.37309,False
0.0,0.0,0.0,31335.0,19111.0,854.0,0.0,0.0,0.0,0.0,0.0,0.0,0.0,5.40618,False
0.0,0.0,0.0,0.0,0.0,152.0,35410.0,8868.0,0.0,0.0,0.0,0.0,0.0,2.25,False
0.0,0.0,0.0,0.0,0.0,4355.0,67998.0,1.0,0.0,0.0,0.0,0.0,0.0,0.850001,False
0.0,0.0,0.0,18670.0,27228.0,0.0,0.0,0.0,0.0,0.0,0.0,0.0,0.0,-0.35,False
2608.0,723.0,976.0,974.0,846.0,961.0,1715.0,430.0,1371.0,1212.0,803.0,961.0,383.0,-1.61792,False
4660.0,1950.0,1577.0,3570.0,1569.0,755.0,1176.0,1140.0,862.0,1191.0,2521.0,1087.0,1528.0,-4.37619,False
0.0,0.0,0.0,0.0,20921.0,31251.0,2712.0,0.0,0.0,0.0,0.0,0.0,0.0,5.76686,False
2614.0,894.0,828.0,12733.0,1041.0,2480.0,2174.0,946.0,833.0,1522.0,955.0,1279.0,1510.0,0.405377,False
0.0,0.0,0.0,7683.0,52709.0,0.0,0.0,0.0,0.0,0.0,0.0,0.0,0.0,-0.25,False
3207.0,1770.0,4809.0,2070.0,2739.0,1952.0,2683.0,2864.0,10501.0,2796.0,1452.0,3086.0,1429.0,5.27609,False
0.0,0.0,243.0,1690.0,1836.0,1966.0,1335.0,2681.0,7530.0,921.0,0.0,0.0,0.0,-3.72559,False
0.0,0.0,0.0,1.0,5799.0,12626.0,18802.0,11310.0,4107.0,0.0,0.0,0.0,0.0,-5.67141,False
600.0,1400.0,1289.0,910.0,804.0,1336.0,576.0,813.0,526.0,746.0,1068.0,1191.0,0.0,-4.35,False
0.0,0.0,10404.0,8890.0,5010.0,2111.0,6679.0,0.0,0.0,0.0,0.0,0.0,0.0,-6.89876,False
5007.0,2593.0,5355.0,4468.0,2220.0,2128.0,1485.0,1939.0,3336.0,2705.0,1885.0,3666.0,1856.0,1.03405,False
1740.0,4134.0,7013.0,5052.0,4713.0,6927.0,7655.0,6501.0,7973.0,3980.0,639.0,0.0,0.0,-1.82397,False
0.0,0.0,0.0,8267.0,29307.0,20363.0,15818.0,9164.0,0.0,0.0,0.0,0.0,0.0,-1.97262,False
5595.0,1840.0,1781.0,1679.0,9016.0,17078.0,14501.0,12673.0,2704.0,0.0,0.0,0.0,0.0,-2.31949,False
5350.0,6182.0,6861.0,8509.0,13481.0,10400.0,7796.0,16009.0,3843.0,0.0,0.0,0.0,0.0,5.15353,False
0.0,0.0,0.0,0.0,263.0,30718.0,24391.0,1377.0,0.0,0.0,0.0,0.0,0.0,4.90361,False
0.0,0.0,87.0,10374.0,14907.0,27054.0,16594.0,9568.0,4500.0,39.0,0.0,0.0,0.0,4.53616,False
0.0,0.0,0.0,0.0,0.0,5123.0,51305.0,0.0,0.0,0.0,0.0,0.0,0.0,3.75,False
0.0,0.0,0.0,0.0,0.0,5380.0,35948.0,29612.0,101.0,0.0,0.0,0.0,0.0,3.43048,False
0.0,0.0,0.0,0.0,10322.0,38083.0,19730.0,41.0,0.0,0.0,0.0,0.0,0.0,2.103,False
0.0,0.0,0.0,33109.0,44692.0,3817.0,0.0,0.0,0.0,0.0,0.0,0.0,0.0,0.923785,False
0.0,0.0,0.0,0.0,4461.0,22799.0,30411.0,13417.0,5388.0,0.0,0.0,0.0,0.0,-0.218829,False
0.0,0.0,3599.0,12717.0,14941.0,15592.0,11592.0,8715.0,9494.0,304.0,0.0,0.0,0.0,-3.9413,False
0.0,662.0,14227.0,18117.0,14150.0,12623.0,0.0,0.0,0.0,0.0,0.0,0.0,0.0,-3.99687,False
4017.0,7483.0,3714.0,4907.0,6086.0,3733.0,5265.0,4335.0,46.0,0.0,0.0,0.0,0.0,7.14094,False
0.0,0.0,0.0,0.0,0.0,7943.0,17628.0,10960.0,0.0,0.0,0.0,0.0,0.0,6.50241,False
2636.0,943.0,1284.0,7112.0,3517.0,538.0,476.0,647.0,12730.0,1147.0,2796.0,1762.0,1047.0,0.412929,False
0.0,14341.0,3971.0,6267.0,5483.0,11803.0,3753.0,5552.0,4485.0,140.0,0.0,0.0,0.0,5.92016,False
0.0,3136.0,5412.0,3064.0,5954.0,3879.0,3740.0,4594.0,183.0,0.0,0.0,0.0,0.0,-7.38191,False
2853.0,1152.0,9558.0,1896.0,1148.0,892.0,1439.0,1202.0,894.0,1454.0,1303.0,772.0,0.0,-7.67113,False
1821.0,2229.0,1221.0,1250.0,656.0,1203.0,1130.0,673.0,3822.0,1046.0,399.0,929.0,7389.0,-4.67001,False
0.0,0.0,0.0,0.0,9889.0,60031.0,11109.0,0.0,0.0,0.0,0.0,0.0,0.0,7.95,False
3614.0,3398.0,3503.0,8918.0,4726.0,5585.0,3647.0,3873.0,5082.0,3661.0,3451.0,4409.0,3145.0,7.37736,False
6006.0,1375.0,1849.0,2053.0,1081.0,2341.0,1459.0,1806.0,2162.0,1599.0,1899.0,3001.0,1944.0,5.03705,False
0.0,0.0,0.0,0.0,0.0,3153.0,26086.0,7493.0,7.0,0.0,0.0,0.0,0.0,4.87182,False
5518.0,3032.0,2531.0,1125.0,1019.0,1404.0,1286.0,1315.0,4936.0,2219.0,0.0,0.0,0.0,-0.773959,False
2234.0,816.0,472.0,1005.0,870.0,542.0,471.0,549.0,1361.0,1141.0,676.0,1465.0,969.0,-0.918443,False
0.0,0.0,0.0,219.0,11195.0,6252.0,45696.0,159.0,0.0,0.0,0.0,0.0,0.0,-3.45,False
0.0,0.0,0.0,1.0,4505.0,14129.0,13184.0,9323.0,3012.0,0.0,0.0,0.0,0.0,-4.88621,False
0.0,0.0,4.0,12821.0,10857.0,2468.0,2460.0,2500.0,2470.0,2194.0,1938.0,1846.0,2582.0,-7.75,False
0.0,0.0,0.0,0.0,0.0,26869.0,27527.0,3270.0,0.0,0.0,0.0,0.0,0.0,7.14465,False
3683.0,1844.0,1745.0,1107.0,1783.0,884.0,1265.0,1298.0,1198.0,1399.0,2316.0,25.0,0.0,6.59126,False
3329.0,1667.0,10124.0,574.0,698.0,804.0,1076.0,657.0,1030.0,1747.0,680.0,760.0,640.0,6.07091,False
0.0,0.0,0.0,0.0,1246.0,12388.0,20804.0,16569.0,6859.0,0.0,0.0,0.0,0.0,-1.47877,False
0.0,7.0,5255.0,13198.0,15004.0,5090.0,345.0,0.0,0.0,0.0,0.0,0.0,0.0,-1.84087,False
0.0,195.0,1617.0,2644.0,1343.0,1636.0,1359.0,2515.0,1425.0,2303.0,6501.0,1224.0,0.0,-2.08503,False
0.0,0.0,0.0,13644.0,34968.0,11820.0,19.0,0.0,0.0,0.0,0.0,0.0,0.0,-3.45,False
4322.0,2694.0,5661.0,7533.0,3331.0,19523.0,6009.0,4036.0,3715.0,4702.0,3894.0,5664.0,4287.0,3.618,False
0.0,0.0,3480.0,1446.0,2087.0,2124.0,3793.0,1496.0,1265.0,1253.0,1301.0,1267.0,1336.0,3.00231,False
255.0,447.0,897.0,803.0,764.0,2105.0,1061.0,3333.0,951.0,650.0,578.0,547.0,1104.0,-2.92647,False
0.0,27.0,17776.0,11710.0,7485.0,6956.0,0.0,0.0,0.0,0.0,0.0,0.0,0.0,-4.20361,False
4623.0,2149.0,2879.0,1739.0,3052.0,2628.0,1997.0,2069.0,1779.0,1438.0,2212.0,2560.0,11247.0,1.64326,False
2690.0,946.0,846.0,1836.0,1002.0,1126.0,1225.0,872.0,924.0,3276.0,570.0,1257.0,3384.0,-4.58952,False
0.0,0.0,16.0,22048.0,13015.0,2772.0,4489.0,2165.0,0.0,0.0,0.0,0.0,0.0,-5.61112,False
0.0,0.0,0.0,1.0,2581.0,3028.0,2423.0,3257.0,14410.0,273.0,0.0,0.0,0.0,5.94799,False
0.0,0.0,0.0,0.0,595.0,7399.0,5661.0,8033.0,4493.0,0.0,0.0,0.0,0.0,-6.469,False
2921.0,1330.0,1088.0,2589.0,674.0,791.0,1069.0,1045.0,1084.0,875.0,1694.0,3016.0,2812.0,-3.07938,False
4490.0,772.0,1373.0,668.0,903.0,395.0,688.0,1520.0,949.0,1793.0,555.0,128.0,0.0,-4.07825,False
0.0,483.0,4281.0,2966.0,3462.0,2848.0,12378.0,7434.0,2902.0,0.0,0.0,0.0,0.0,-4.32661,False
3122.0,945.0,1232.0,751.0,1146.0,786.0,1048.0,973.0,548.0,1911.0,666.0,827.0,730.0,-5.42225,False
2974.0,687.0,634.0,612.0,506.0,403.0,880.0,1561.0,974.0,3274.0,1458.0,727.0,487.0,-6.36497,False
0.0,0.0,0.0,843.0,44492.0,6730.0,0.0,0.0,0.0,0.0,0.0,0.0,0.0,-5.75,False
1883.0,1239.0,762.0,953.0,1066.0,634.0,974.0,687.0,1043.0,1902.0,1460.0,871.0,1467.0,-6.36364,False
0.0,0.0,441.0,11455.0,7763.0,8990.0,6059.0,10880.0,7778.0,6517.0,0.0,0.0,0.0,-6.7444,False
0.0,0.0,0.0,0.0,0.0,14817.0,25436.0,4316.0,0.0,0.0,0.0,0.0,0.0,6.39848,False
2783.0,3081.0,4029.0,913.0,894.0,1239.0,3970.0,1197.0,1349.0,1214.0,1087.0,1227.0,0.0,3.72154,False
0.0,0.0,3508.0,24616.0,15710.0,68.0,0.0,0.0,0.0,0.0,0.0,0.0,0.0,2.49284,False
0.0,0.0,0.0,0.0,6123.0,13899.0,16473.0,17265.0,5163.0,0.0,0.0,0.0,0.0,-2.17282,False
12635.0,805.0,961.0,902.0,944.0,968.0,480.0,562.0,786.0,493.0,825.0,490.0,0.0,-3.01054,False
20451.0,10413.0,11989.0,17900.0,10945.0,10472.0,6513.0,9566.0,9295.0,6564.0,924.0,0.0,0.0,-4.45936,False
0.0,0.0,1502.0,3731.0,4157.0,3508.0,5091.0,4794.0,6544.0,1534.0,0.0,0.0,0.0,-6.46036,False
0.0,758.0,1565.0,806.0,1086.0,2865.0,1434.0,1967.0,845.0,1208.0,1252.0,2004.0,5.0,0.304129,False
4404.0,1698.0,1676.0,2925.0,1912.0,1610.0,3991.0,1834.0,5568.0,2964.0,1310.0,425.0,0.0,-7.52244,False
97.0,1515.0,1606.0,2494.0,3079.0,2235.0,1852.0,1757.0,1783.0,1906.0,2679.0,0.0,0.0,-3.28981,False
2537.0,954.0,1328.0,1328.0,1884.0,1200.0,2633.0,1470.0,937.0,946.0,615.0,3391.0,1079.0,-6.66846,False
3876.0,1288.0,1091.0,2242.0,5894.0,3812.0,2505.0,1955.0,1883.0,4850.0,10.0,0.0,0.0,6.20541,False
1.0,604.0,1374.0,931.0,1027.0,1020.0,1783.0,1633.0,2234.0,1357.0,2137.0,0.0,0.0,-1.56742,False
2173.0,580.0,854.0,1276.0,807.0,1154.0,803.0,2381.0,2367.0,2698.0,2000.0,1378.0,1241.0,-2.16957,False
0.0,0.0,0.0,649.0,1204.0,1759.0,6227.0,1166.0,3800.0,5368.0,0.0,0.0,0.0,-0.307539,False
11573.0,1983.0,367.0,502.0,1739.0,710.0,1234.0,1159.0,904.0,1310.0,600.0,415.0,884.0,-1.17088,False
0.0,0.0,0.0,0.0,3219.0,13226.0,18331.0,18996.0,6028.0,0.0,0.0,0.0,0.0,-4.90759,False
489.0,2576.0,1633.0,2117.0,1370.0,1451.0,3238.0,2355.0,4109.0,2229.0,0.0,0.0,0.0,-6.67662,False
2433.0,1596.0,1090.0,2334.0,2151.0,1104.0,1575.0,2277.0,1563.0,1003.0,923.0,1194.0,1163.0,2.23493,False
0.0,0.0,0.0,0.0,0.0,16600.0,41322.0,0.0,0.0,0.0,0.0,0.0,0.0,0.100001,False
20178.0,7774.0,8130.0,7192.0,10167.0,7887.0,6152.0,5585.0,8405.0,333.0,0.0,0.0,0.0,-6.88913,False
840.0,2282.0,3118.0,3953.0,2413.0,1601.0,2246.0,3433.0,2957.0,3378.0,1617.0,237.0,0.0,4.40615,False
1727.0,1163.0,738.0,2361.0,1778.0,1780.0,1281.0,2169.0,2228.0,7777.0,1540.0,913.0,876.0,1.08807,False
0.0,0.0,0.0,15758.0,45778.0,0.0,0.0,0.0,0.0,0.0,0.0,0.0,0.0,-0.55,False
0.0,0.0,0.0,0.0,2063.0,10351.0,11317.0,21485.0,11294.0,0.0,0.0,0.0,0.0,-4.6786,False
653.0,703.0,1065.0,883.0,1066.0,1086.0,1252.0,2143.0,1334.0,2068.0,1366.0,2791.0,1858.0,-5.13719,False
0.0,0.0,0.0,0.0,1222.0,15618.0,18727.0,10788.0,4436.0,0.0,0.0,0.0,0.0,-5.35483,False
2697.0,1345.0,526.0,746.0,2549.0,1669.0,1937.0,595.0,850.0,1021.0,2969.0,1968.0,1624.0,-6.82509,False
3069.0,6100.0,11791.0,7554.0,12235.0,6012.0,7766.0,774.0,0.0,0.0,0.0,0.0,0.0,-6.83697,False
0.0,2067.0,4714.0,3845.0,4538.0,3527.0,4202.0,5413.0,809.0,0.0,0.0,0.0,0.0,-6.57797,False
0.0,626.0,2470.0,2296.0,2978.0,2781.0,1829.0,2253.0,1974.0,2205.0,2180.0,7311.0,52.0,7.42637,False
0.0,3321.0,5487.0,13947.0,14073.0,6223.0,5506.0,17273.0,2696.0,6.0,0.0,0.0,0.0,4.60635,False
4218.0,1415.0,2067.0,3232.0,1525.0,2598.0,1453.0,2849.0,2010.0,1277.0,1931.0,1921.0,2132.0,1.93325,False
4703.0,1993.0,2100.0,2163.0,2461.0,1786.0,3936.0,2957.0,2436.0,0.0,0.0,0.0,0.0,-1.90232,False
2483.0,1007.0,642.0,878.0,1118.0,1747.0,4412.0,9525.0,1295.0,901.0,1857.0,807.0,791.0,-3.47322,False
0.0,0.0,5.0,792.0,1382.0,1788.0,1221.0,1453.0,1822.0,7985.0,0.0,0.0,0.0,-7.15692,False
0.0,0.0,0.0,1432.0,5115.0,6748.0,8900.0,2967.0,3574.0,2783.0,2330.0,133.0,0.0,-8.03309,False
0.0,0.0,1.0,20433.0,21047.0,0.0,0.0,0.0,0.0,0.0,0.0,0.0,0.0,7.55,False
3020.0,2224.0,2815.0,2503.0,4119.0,7710.0,1597.0,1721.0,2220.0,1547.0,2780.0,2628.0,2081.0,-5.9373,False
0.0,100.0,10271.0,2604.0,1407.0,1420.0,0.0,0.0,0.0,0.0,0.0,0.0,0.0,-6.4794,False
1316.0,1704.0,1233.0,868.0,979.0,1195.0,724.0,832.0,1567.0,753.0,742.0,0.0,0.0,-7.34638,False
846.0,1603.0,1300.0,1580.0,1082.0,1732.0,1171.0,1151.0,1762.0,1428.0,2411.0,6.0,0.0,4.19765,False
0.0,35.0,521.0,972.0,920.0,489.0,473.0,875.0,1273.0,1866.0,1110.0,594.0,0.0,-7.26243,False
0.0,0.0,0.0,0.0,0.0,1854.0,36995.0,32.0,0.0,0.0,0.0,0.0,0.0,5.55,False
2354.0,2003.0,1320.0,915.0,925.0,782.0,980.0,1403.0,1217.0,1367.0,1769.0,1482.0,616.0,1.25825,False
0.0,1598.0,25751.0,10496.0,10118.0,6730.0,0.0,0.0,0.0,0.0,0.0,0.0,0.0,-0.975116,False
1764.0,2890.0,1908.0,804.0,2463.0,3967.0,8177.0,2634.0,2293.0,455.0,0.0,0.0,0.0,-5.06527,False
0.0,0.0,0.0,2456.0,4695.0,4216.0,4152.0,5648.0,6309.0,4890.0,0.0,0.0,0.0,-6.52585,False
0.0,0.0,430.0,2049.0,1527.0,1644.0,2150.0,2190.0,2368.0,3947.0,705.0,0.0,0.0,6.78885,False
7.0,5566.0,11640.0,10343.0,4498.0,4020.0,11037.0,4019.0,0.0,0.0,0.0,0.0,0.0,-7.33229,False
3065.0,8473.0,6555.0,1693.0,1553.0,1541.0,11309.0,2228.0,0.0,0.0,0.0,0.0,0.0,7.95,False
1935.0,5184.0,3917.0,9245.0,3927.0,2331.0,3105.0,2452.0,4511.0,1530.0,0.0,0.0,0.0,-3.20942,False
4110.0,1366.0,1578.0,1066.0,608.0,1089.0,3074.0,1151.0,663.0,834.0,902.0,918.0,1127.0,-4.07144,False
0.0,219.0,6708.0,12419.0,8817.0,7619.0,0.0,0.0,0.0,0.0,0.0,0.0,0.0,-4.44117,False
3005.0,1153.0,1301.0,1903.0,1855.0,1186.0,1209.0,1353.0,2082.0,5630.0,1194.0,1805.0,947.0,-6.11389,False
6934.0,6439.0,9121.0,7496.0,8503.0,8848.0,9697.0,15847.0,4712.0,3577.0,4911.0,2057.0,0.0,-7.34054,False
0.0,0.0,0.0,107.0,23935.0,32909.0,1.0,0.0,0.0,0.0,0.0,0.0,0.0,-2.45,False
823.0,820.0,1630.0,877.0,2102.0,769.0,1103.0,993.0,2968.0,1931.0,1071.0,1161.0,1763.0,3.30549,False
3513.0,9632.0,5104.0,3741.0,5253.0,5748.0,372.0,0.0,0.0,0.0,0.0,0.0,0.0,0.991215,False
2173.0,673.0,1047.0,1514.0,1325.0,687.0,844.0,1278.0,932.0,877.0,621.0,638.0,630.0,-1.80132,False
0.0,0.0,7.0,3454.0,6788.0,6823.0,5481.0,3824.0,5825.0,5624.0,0.0,0.0,0.0,-5.33653,False
3034.0,16016.0,8978.0,6338.0,3813.0,2756.0,3948.0,3165.0,2994.0,2179.0,0.0,0.0,0.0,-7.4822,False
0.0,0.0,149.0,33376.0,11749.0,0.0,0.0,0.0,0.0,0.0,0.0,0.0,0.0,1.15,False
5850.0,1987.0,1497.0,2574.0,1985.0,3085.0,3547.0,3777.0,3656.0,3305.0,4380.0,4001.0,2057.0,0.234841,False
0.0,0.0,0.0,22974.0,55679.0,18382.0,6765.0,0.0,0.0,0.0,0.0,0.0,0.0,2.52014,False
3261.0,1362.0,1417.0,2341.0,3384.0,1209.0,1735.0,1415.0,3332.0,3161.0,1363.0,0.0,0.0,-4.75666,False
3128.0,1539.0,1265.0,1329.0,775.0,1380.0,1396.0,1449.0,827.0,1286.0,1059.0,44.0,0.0,7.36899,False
0.0,0.0,0.0,1841.0,47482.0,122.0,0.0,0.0,0.0,0.0,0.0,0.0,0.0,-1.85,False
0.0,4007.0,1653.0,2786.0,3146.0,3000.0,2679.0,2901.0,7011.0,131.0,0.0,0.0,0.0,1.2447,False
0.0,0.0,9680.0,8373.0,5286.0,13649.0,16792.0,6801.0,651.0,0.0,0.0,0.0,0.0,-3.17781,False
0.0,10.0,4328.0,14545.0,4043.0,9326.0,0.0,0.0,0.0,0.0,0.0,0.0,0.0,-6.96122,False
0.0,1308.0,12202.0,9407.0,22146.0,39709.0,16953.0,10141.0,26967.0,5019.0,3447.0,1114.0,0.0,-7.40848,False
3666.0,1988.0,2148.0,1291.0,1627.0,2485.0,1989.0,1268.0,1139.0,1509.0,1707.0,7395.0,2571.0,-0.96801,False
6137.0,16692.0,2208.0,4245.0,871.0,969.0,1802.0,1228.0,1575.0,2082.0,996.0,1202.0,0.0,-1.25644,False
0.0,0.0,13222.0,18369.0,7876.0,12517.0,8725.0,1276.0,0.0,0.0,0.0,0.0,0.0,4.90575,False
1532.0,598.0,972.0,1439.0,602.0,800.0,1100.0,358.0,478.0,403.0,1120.0,945.0,870.0,-5.75654,False
0.0,0.0,393.0,1502.0,1117.0,2326.0,1931.0,2042.0,1622.0,12218.0,8654.0,0.0,0.0,6.54513,False
0.0,0.0,0.0,82.0,22696.0,26341.0,0.0,0.0,0.0,0.0,0.0,0.0,0.0,3.25,False
1295.0,8546.0,10760.0,6054.0,4932.0,5517.0,4524.0,1946.0,0.0,0.0,0.0,0.0,0.0,-0.648782,False
1655.0,1382.0,1411.0,748.0,5353.0,814.0,1296.0,1907.0,973.0,1662.0,1864.0,763.0,0.0,-4.62755,False
3465.0,1617.0,2454.0,1847.0,1605.0,1870.0,1693.0,1564.0,1317.0,0.0,0.0,0.0,0.0,-7.09454,False
1998.0,691.0,761.0,851.0,1127.0,5453.0,7608.0,7665.0,8178.0,1121.0,4062.0,0.0,0.0,-5.34747,False
1943.0,1367.0,1312.0,1320.0,1753.0,3813.0,16317.0,5881.0,744.0,0.0,0.0,0.0,0.0,-7.61081,False
2394.0,1459.0,1622.0,1533.0,1621.0,1538.0,1575.0,2384.0,3556.0,0.0,0.0,0.0,0.0,-6.66071,False
0.0,124.0,1397.0,2141.0,1715.0,1702.0,9396.0,1600.0,1483.0,3451.0,2509.0,477.0,0.0,-6.76829,False
0.0,92.0,1065.0,885.0,1270.0,1191.0,1075.0,826.0,1852.0,898.0,2327.0,551.0,0.0,-0.607853,False
525.0,2636.0,5767.0,1057.0,815.0,1317.0,1142.0,855.0,1087.0,971.0,596.0,0.0,0.0,-3.91893,False
4071.0,27528.0,3983.0,5459.0,7449.0,0.0,0.0,0.0,0.0,0.0,0.0,0.0,0.0,0.65,False
0.0,351.0,10056.0,13326.0,12476.0,7473.0,0.0,0.0,0.0,0.0,0.0,0.0,0.0,-1.14987,False
0.0,0.0,0.0,0.0,1516.0,2850.0,1158.0,8660.0,4583.0,0.0,0.0,0.0,0.0,-1.59666,False
0.0,0.0,0.0,0.0,0.0,3931.0,7978.0,1456.0,1334.0,1399.0,1550.0,1581.0,420.0,-2.15,False
1208.0,4094.0,4442.0,8784.0,5305.0,4570.0,5831.0,2221.0,0.0,0.0,0.0,0.0,0.0,-2.27868,False
0.0,0.0,0.0,545.0,41098.0,8580.0,0.0,0.0,0.0,0.0,0.0,0.0,0.0,-6.65,False
3609.0,1990.0,1821.0,2288.0,3543.0,4631.0,1571.0,5758.0,5358.0,1776.0,1302.0,3517.0,2056.0,5.74598,False
0.0,0.0,0.0,6469.0,10736.0,10295.0,29381.0,11123.0,887.0,0.0,0.0,0.0,0.0,5.37623,False
4334.0,1689.0,2205.0,2699.0,1989.0,1804.0,6672.0,9706.0,4544.0,4712.0,3026.0,3080.0,2479.0,4.56692,False
0.0,7.0,5210.0,18004.0,29913.0,21798.0,1545.0,0.0,0.0,0.0,0.0,0.0,0.0,-0.647283,False
2641.0,2503.0,1437.0,1959.0,1089.0,1676.0,2814.0,1580.0,3639.0,2231.0,1446.0,1842.0,622.0,-6.61556,False
0.0,1039.0,1323.0,2127.0,1467.0,1723.0,2463.0,1119.0,992.0,1478.0,2615.0,0.0,0.0,-6.42812,False
0.0,222.0,15409.0,13453.0,2145.0,1604.0,1523.0,1014.0,600.0,0.0,0.0,0.0,0.0,-6.72181,False
25248.0,2664.0,2364.0,2436.0,4914.0,4315.0,2413.0,1.0,0.0,0.0,0.0,0.0,0.0,4.41016,False
0.0,0.0,1340.0,21945.0,20435.0,476.0,0.0,0.0,0.0,0.0,0.0,0.0,0.0,2.86388,False
0.0,6.0,10245.0,10815.0,4655.0,0.0,0.0,0.0,0.0,0.0,0.0,0.0,0.0,-1.05,False
2056.0,1875.0,3487.0,1225.0,1241.0,4068.0,2584.0,1358.0,3424.0,1656.0,0.0,0.0,0.0,-2.04151,False
0.0,0.0,0.0,0.0,228.0,31760.0,11115.0,0.0,0.0,0.0,0.0,0.0,0.0,7.35,False
0.0,0.0,0.0,16952.0,34341.0,11974.0,2.0,0.0,0.0,0.0,0.0,0.0,0.0,6.95292,False
0.0,0.0,298.0,4604.0,4475.0,21076.0,7022.0,3516.0,5611.0,3117.0,1480.0,0.0,0.0,4.93473,False
6413.0,832.0,1278.0,573.0,928.0,1225.0,617.0,1003.0,458.0,1091.0,1338.0,217.0,0.0,-3.11649,False
0.0,632.0,959.0,1036.0,736.0,795.0,2787.0,1823.0,2435.0,1781.0,1474.0,599.0,1.0,2.50226,False
1289.0,1432.0,647.0,563.0,618.0,1221.0,1092.0,1612.0,8639.0,325.0,0.0,0.0,0.0,-6.48991,False
1541.0,682.0,1302.0,863.0,848.0,984.0,857.0,871.0,1918.0,790.0,470.0,873.0,1183.0,-6.2611,False
0.0,1009.0,10338.0,8595.0,13533.0,17957.0,6455.0,4.0,0.0,0.0,0.0,0.0,0.0,4.45304,False
0.0,0.0,0.0,7.0,1917.0,9772.0,6439.0,8291.0,5610.0,6618.0,13341.0,52.0,0.0,1.36597,False
3026.0,852.0,5573.0,2063.0,2131.0,1055.0,1145.0,1973.0,1581.0,1253.0,2997.0,1049.0,913.0,-1.87834,False
0.0,0.0,0.0,623.0,45298.0,4902.0,0.0,0.0,0.0,0.0,0.0,0.0,0.0,6.25,False
0.0,0.0,0.0,0.0,8792.0,31504.0,15925.0,8.0,0.0,0.0,0.0,0.0,0.0,4.99214,False
0.0,0.0,1.0,20857.0,14233.0,0.0,0.0,0.0,0.0,0.0,0.0,0.0,0.0,0.100001,False
3747.0,12838.0,8016.0,7134.0,1589.0,1226.0,6050.0,1601.0,1685.0,2004.0,3216.0,240.0,0.0,-0.08855,False
3476.0,1162.0,714.0,693.0,929.0,948.0,439.0,3344.0,639.0,1474.0,581.0,721.0,1408.0,-3.24675,False
0.0,0.0,0.0,0.0,0.0,2493.0,7811.0,2404.0,2723.0,3022.0,2664.0,1923.0,1884.0,-3.05,False
1253.0,1111.0,2747.0,854.0,726.0,657.0,2164.0,743.0,506.0,1218.0,1100.0,121.0,0.0,-4.96207,False
1554.0,1537.0,1935.0,1681.0,1001.0,1355.0,889.0,708.0,1865.0,1431.0,6514.0,805.0,969.0,-1.77384,False
2108.0,1250.0,480.0,1537.0,1488.0,872.0,879.0,554.0,2047.0,1171.0,1621.0,626.0,470.0,-3.15876,False
1255.0,1768.0,2825.0,826.0,2146.0,1143.0,1186.0,1291.0,3224.0,3617.0,1346.0,3340.0,566.0,-3.16478,False
0.0,0.0,2966.0,8478.0,29047.0,1420.0,0.0,0.0,0.0,0.0,0.0,0.0,0.0,-5.15,False
0.0,21.0,626.0,768.0,849.0,1031.0,1177.0,532.0,843.0,2075.0,1368.0,449.0,0.0,-5.96573,False
0.0,0.0,0.0,1534.0,37176.0,2.0,0.0,0.0,0.0,0.0,0.0,0.0,0.0,7.65,False
0.0,0.0,30.0,27962.0,7486.0,0.0,0.0,0.0,0.0,0.0,0.0,0.0,0.0,2.55,False
0.0,0.0,0.0,0.0,3215.0,10203.0,2922.0,1979.0,1782.0,2583.0,2083.0,1.0,0.0,3.29652,False
3289.0,1479.0,2974.0,2910.0,3958.0,12479.0,29347.0,5896.0,4808.0,1891.0,3236.0,869.0,0.0,-6.58249,False
0.0,402.0,9440.0,9428.0,8434.0,6264.0,0.0,0.0,0.0,0.0,0.0,0.0,0.0,-7.02271,False
0.0,0.0,0.0,0.0,0.0,4634.0,15466.0,12334.0,1.0,0.0,0.0,0.0,0.0,7.02504,False
0.0,0.0,0.0,0.0,327.0,14547.0,6645.0,14121.0,4363.0,0.0,0.0,0.0,0.0,3.45,False
3903.0,2797.0,12212.0,15975.0,19101.0,21915.0,167.0,0.0,0.0,0.0,0.0,0.0,0.0,-6.77013,False
0.0,0.0,8030.0,11506.0,7896.0,9528.0,10573.0,607.0,0.0,0.0,0.0,0.0,0.0,7.44048,False
0.0,0.0,0.0,0.0,0.0,9922.0,22630.0,8749.0,8.0,0.0,0.0,0.0,0.0,6.35884,False
0.0,0.0,0.0,0.0,0.0,18120.0,32930.0,0.0,0.0,0.0,0.0,0.0,0.0,6.15,False
0.0,0.0,0.0,677.0,16048.0,2725.0,3086.0,4336.0,17866.0,1376.0,0.0,0.0,0.0,5.25,False
0.0,6.0,17064.0,4800.0,4488.0,1348.0,2541.0,2867.0,1275.0,0.0,0.0,0.0,0.0,4.30557,False
0.0,0.0,0.0,0.0,4552.0,14771.0,6877.0,13908.0,10768.0,5304.0,0.0,0.0,0.0,7.08062,False
0.0,793.0,1705.0,1370.0,1166.0,1070.0,5570.0,797.0,1237.0,1530.0,2566.0,441.0,0.0,7.2375,False
0.0,946.0,921.0,1030.0,4707.0,22717.0,1135.0,9033.0,283.0,0.0,0.0,0.0,0.0,-1.42199,False
453.0,3034.0,6387.0,1125.0,1308.0,2437.0,1493.0,1695.0,68.0,0.0,0.0,0.0,0.0,5.95153,False
3647.0,1026.0,2169.0,932.0,3021.0,1509.0,991.0,1051.0,1479.0,2057.0,1517.0,10064.0,1933.0,5.47214,False
0.0,6853.0,1241.0,1427.0,950.0,1310.0,1298.0,1126.0,1483.0,463.0,0.0,0.0,0.0,5.68378,False
0.0,0.0,0.0,7894.0,14823.0,1805.0,1577.0,1743.0,2341.0,2318.0,2212.0,179.0,0.0,-3.25,False
1838.0,906.0,1259.0,962.0,1298.0,1568.0,1455.0,1567.0,2198.0,607.0,1776.0,1450.0,994.0,-4.45654,False
0.0,2.0,11123.0,8597.0,3077.0,2991.0,1235.0,0.0,0.0,0.0,0.0,0.0,0.0,-4.29147,False
0.0,0.0,0.0,0.0,0.0,2166.0,9330.0,6610.0,6676.0,7996.0,0.0,0.0,0.0,7.7576,False
1602.0,2217.0,1017.0,813.0,1124.0,878.0,1270.0,1351.0,4537.0,2162.0,2843.0,2393.0,1029.0,4.45133,False
2140.0,445.0,392.0,1101.0,4771.0,896.0,589.0,637.0,654.0,1521.0,786.0,337.0,1187.0,-4.46454,False
1914.0,1056.0,1159.0,2116.0,1843.0,1755.0,1899.0,1190.0,2119.0,1438.0,2272.0,2561.0,1336.0,3.0485,False
0.0,0.0,82.0,25226.0,10007.0,0.0,0.0,0.0,0.0,0.0,0.0,0.0,0.0,-0.25,False
0.0,100.0,1831.0,4570.0,1797.0,1088.0,811.0,800.0,1751.0,1278.0,2492.0,318.0,0.0,-7.93196,False
0.0,0.0,0.0,19730.0,30316.0,1579.0,0.0,0.0,0.0,0.0,0.0,0.0,0.0,6.6607,False
0.0,463.0,3180.0,1376.0,1888.0,1869.0,1471.0,894.0,1296.0,1201.0,5820.0,11550.0,11755.0,1.36041,False
0.0,0.0,0.0,0.0,3703.0,25014.0,3682.0,2814.0,2564.0,3581.0,5345.0,3491.0,6314.0,-7.55,False
0.0,891.0,1991.0,1760.0,3398.0,2599.0,3647.0,2912.0,3987.0,2844.0,7680.0,4514.0,14.0,4.64493,False
3069.0,1330.0,3091.0,1565.0,1472.0,2640.0,1952.0,1628.0,3619.0,468.0,0.0,0.0,0.0,-4.2359,False
2484.0,1503.0,2000.0,1837.0,1042.0,869.0,631.0,1961.0,2347.0,995.0,963.0,1032.0,900.0,4.7042,False
0.0,0.0,0.0,0.0,0.0,18659.0,22904.0,3253.0,0.0,0.0,0.0,0.0,0.0,1.01891,False
7488.0,5741.0,7679.0,6803.0,5444.0,2539.0,0.0,0.0,0.0,0.0,0.0,0.0,0.0,-1.4909,False
1501.0,2497.0,6452.0,6070.0,6435.0,1824.0,1447.0,892.0,937.0,1135.0,1151.0,1748.0,842.0,-3.26921,False
0.0,0.0,0.0,0.0,0.0,166.0,8275.0,3510.0,1895.0,2014.0,12755.0,9578.0,7366.0,-5.95,False
3384.0,1170.0,1755.0,909.0,1406.0,946.0,1042.0,1574.0,1058.0,1682.0,3530.0,1585.0,1332.0,-7.18214,False
2248.0,969.0,4047.0,619.0,411.0,731.0,688.0,619.0,1272.0,1241.0,616.0,1762.0,760.0,0.517433,False
3005.0,5080.0,7527.0,1066.0,1124.0,1293.0,1655.0,1252.0,1086.0,947.0,1026.0,794.0,712.0,-4.92385,False
3117.0,1229.0,1486.0,1890.0,1461.0,3061.0,1835.0,1709.0,898.0,1055.0,1170.0,1739.0,3606.0,-5.51038,False
582.0,6034.0,11254.0,2799.0,2162.0,3128.0,3444.0,1864.0,3070.0,4706.0,2291.0,199.0,0.0,6.74354,False
5513.0,3403.0,6493.0,3552.0,3474.0,3744.0,3872.0,3317.0,3119.0,0.0,0.0,0.0,0.0,-0.928155,False
0.0,0.0,0.0,5061.0,12199.0,8216.0,4596.0,3931.0,4019.0,3282.0,0.0,0.0,0.0,-3.85,False
9955.0,6121.0,5490.0,3657.0,5296.0,3081.0,4541.0,4347.0,3545.0,3817.0,0.0,0.0,0.0,-4.80807,False
1661.0,8907.0,1818.0,823.0,629.0,1393.0,1298.0,621.0,896.0,947.0,792.0,798.0,36.0,-5.91907,False
1635.0,1135.0,19581.0,530.0,992.0,855.0,628.0,914.0,1391.0,1198.0,1684.0,1264.0,2730.0,1.15969,False
319.0,1197.0,3731.0,5173.0,28318.0,12710.0,1480.0,705.0,386.0,616.0,912.0,803.0,875.0,-4.3362,False
0.0,6255.0,4287.0,1464.0,2566.0,1041.0,0.0,0.0,0.0,0.0,0.0,0.0,0.0,-6.82452,False
0.0,628.0,12118.0,1912.0,2751.0,7296.0,765.0,0.0,0.0,0.0,0.0,0.0,0.0,2.91792,False
0.0,936.0,1578.0,1554.0,2970.0,4619.0,3045.0,2174.0,1459.0,1408.0,2054.0,1046.0,0.0,2.40481,False
3545.0,932.0,694.0,958.0,617.0,860.0,1231.0,1501.0,1068.0,915.0,1211.0,2044.0,1475.0,-1.09956,False
2666.0,625.0,1102.0,1561.0,1867.0,1077.0,651.0,921.0,788.0,1424.0,1028.0,2637.0,799.0,-2.01055,False
2636.0,1008.0,780.0,1397.0,1226.0,1280.0,2573.0,1086.0,913.0,1173.0,1189.0,2443.0,1187.0,-3.05516,False
0.0,0.0,0.0,0.0,3590.0,7065.0,2866.0,2339.0,3215.0,4765.0,3059.0,14222.0,10724.0,5.95,False
0.0,0.0,0.0,0.0,0.0,60.0,5443.0,3534.0,1737.0,1709.0,1659.0,1652.0,1840.0,-2.55,False
0.0,0.0,0.0,0.0,0.0,180.0,28233.0,7677.0,0.0,0.0,0.0,0.0,0.0,6.95,False
422.0,2367.0,18793.0,5195.0,1308.0,620.0,1219.0,857.0,1670.0,791.0,0.0,0.0,0.0,-7.08988,False
0.0,0.0,0.0,0.0,6087.0,47286.0,0.0,0.0,0.0,0.0,0.0,0.0,0.0,7.95,False
0.0,0.0,0.0,0.0,20.0,14275.0,13885.0,10647.0,27043.0,2446.0,0.0,0.0,0.0,1.14958,False
3411.0,1857.0,1400.0,1788.0,1583.0,2102.0,1397.0,1784.0,1120.0,1405.0,0.0,0.0,0.0,-7.36613,False
0.0,0.0,11855.0,15840.0,4413.0,0.0,0.0,0.0,0.0,0.0,0.0,0.0,0.0,2.85,False
2698.0,5858.0,2260.0,1210.0,1756.0,2731.0,1540.0,1159.0,1455.0,1622.0,1545.0,62.0,0.0,1.25001,False
0.0,0.0,0.0,22237.0,14196.0,12042.0,10644.0,14967.0,90.0,0.0,0.0,0.0,0.0,1.39871,False
1835.0,787.0,1116.0,600.0,2518.0,692.0,567.0,858.0,3055.0,616.0,444.0,784.0,308.0,-2.90956,False
0.0,4.0,16668.0,13873.0,16796.0,8818.0,10583.0,0.0,0.0,0.0,0.0,0.0,0.0,-2.37898,False
8687.0,5219.0,3032.0,4708.0,5408.0,3993.0,3590.0,3707.0,4855.0,4853.0,2570.0,6264.0,3964.0,-6.25551,False
0.0,0.0,0.0,0.0,874.0,5954.0,11174.0,8942.0,1903.0,0.0,0.0,0.0,0.0,-5.81285,False
0.0,0.0,0.0,0.0,2279.0,2791.0,4891.0,8057.0,8994.0,309.0,0.0,0.0,0.0,2.84436,False
1451.0,1705.0,1139.0,4065.0,1420.0,934.0,1057.0,918.0,642.0,1438.0,1453.0,827.0,930.0,5.70552,False
0.0,0.0,3148.0,4088.0,4807.0,6859.0,4631.0,3456.0,12277.0,7762.0,40.0,0.0,0.0,3.97234,False
0.0,0.0,0.0,0.0,0.0,48.0,12337.0,9194.0,14859.0,1361.0,0.0,0.0,0.0,-3.25,False
5122.0,4041.0,2469.0,1756.0,1219.0,2042.0,2112.0,2407.0,3429.0,1878.0,6056.0,2311.0,4564.0,3.40614,False
3610.0,1326.0,4669.0,1448.0,1714.0,1168.0,1248.0,1709.0,2338.0,2441.0,111.0,0.0,0.0,0.521192,False
0.0,380.0,717.0,1074.0,1779.0,724.0,570.0,1877.0,1251.0,4728.0,517.0,0.0,0.0,-0.662197,False
0.0,0.0,2.0,3903.0,9083.0,6960.0,6962.0,6287.0,6647.0,9537.0,0.0,0.0,0.0,-5.33912,False
2760.0,1904.0,2239.0,2532.0,1704.0,3769.0,5269.0,2526.0,1913.0,1772.0,1722.0,0.0,0.0,-1.26765,False
0.0,0.0,0.0,0.0,800.0,7795.0,8440.0,6526.0,7099.0,0.0,0.0,0.0,0.0,-2.89835,False
1675.0,703.0,686.0,971.0,1708.0,835.0,678.0,897.0,1553.0,1179.0,788.0,549.0,452.0,6.81582,False
1645.0,1097.0,703.0,1773.0,665.0,1197.0,1162.0,915.0,2314.0,2570.0,923.0,10.0,0.0,6.5219,False
0.0,0.0,0.0,0.0,0.0,14277.0,41585.0,21571.0,0.0,0.0,0.0,0.0,0.0,4.81271,False
0.0,0.0,583.0,13752.0,7700.0,10641.0,19823.0,9916.0,7735.0,3252.0,0.0,0.0,0.0,-0.341176,False
3304.0,923.0,941.0,564.0,1337.0,1092.0,772.0,499.0,1275.0,422.0,717.0,348.0,0.0,-4.62511,False
0.0,5691.0,4579.0,2365.0,1152.0,753.0,1366.0,1181.0,1290.0,885.0,1146.0,702.0,0.0,0.598612,False
1564.0,1204.0,647.0,783.0,845.0,1334.0,1106.0,671.0,1235.0,1606.0,560.0,1600.0,1601.0,-4.26512,False
0.0,0.0,10743.0,11325.0,12718.0,10145.0,7419.0,0.0,0.0,0.0,0.0,0.0,0.0,6.94184,False
422.0,696.0,2397.0,1831.0,1636.0,1237.0,1923.0,2294.0,1143.0,1534.0,1606.0,443.0,0.0,5.1422,False
4464.0,1142.0,1028.0,1142.0,1165.0,1074.0,334.0,1021.0,1337.0,520.0,851.0,566.0,867.0,-1.00828,False
0.0,0.0,0.0,852.0,17161.0,36093.0,405.0,0.0,0.0,0.0,0.0,0.0,0.0,4.01084,False
0.0,0.0,0.0,0.0,0.0,1587.0,10292.0,14229.0,4.0,0.0,0.0,0.0,0.0,3.28606,False
202.0,4943.0,3144.0,7854.0,3255.0,5493.0,3761.0,2352.0,0.0,0.0,0.0,0.0,0.0,-2.96125,False
2707.0,1914.0,2274.0,1348.0,843.0,1050.0,652.0,1416.0,2171.0,1845.0,4.0,0.0,0.0,6.22008,False
0.0,0.0,944.0,27396.0,30333.0,7837.0,0.0,0.0,0.0,0.0,0.0,0.0,0.0,3.45,False
3829.0,709.0,733.0,1030.0,1589.0,1327.0,1439.0,968.0,2289.0,1505.0,1007.0,873.0,749.0,1.49599,False
1559.0,3630.0,684.0,645.0,519.0,2064.0,1323.0,1240.0,4171.0,883.0,867.0,606.0,101.0,-6.94853,False
0.0,0.0,2287.0,22294.0,22145.0,546.0,0.0,0.0,0.0,0.0,0.0,0.0,0.0,7.62487,False
0.0,1140.0,15902.0,17481.0,14990.0,13899.0,0.0,0.0,0.0,0.0,0.0,0.0,0.0,-3.97546,False
0.0,350.0,10191.0,14266.0,12764.0,14523.0,0.0,0.0,0.0,0.0,0.0,0.0,0.0,-5.27348,False
6124.0,473.0,716.0,756.0,846.0,667.0,2022.0,589.0,764.0,802.0,272.0,0.0,0.0,-6.64718,False
0.0,0.0,0.0,16288.0,22254.0,28885.0,830.0,0.0,0.0,0.0,0.0,0.0,0.0,4.36139,False
4747.0,1880.0,2992.0,2262.0,3391.0,2652.0,2083.0,3190.0,1677.0,12201.0,2127.0,2085.0,942.0,0.886399,False
21853.0,3615.0,2953.0,3345.0,3193.0,3314.0,9344.0,0.0,0.0,0.0,0.0,0.0,0.0,-2.55,False
2492.0,973.0,1050.0,925.0,2124.0,1618.0,1352.0,1274.0,1773.0,2063.0,2112.0,950.0,1239.0,-6.05551,False
0.0,19.0,8222.0,12137.0,12881.0,12266.0,49.0,0.0,0.0,0.0,0.0,0.0,0.0,-3.3604,False
1552.0,1354.0,1276.0,903.0,923.0,1053.0,629.0,5680.0,905.0,853.0,1252.0,654.0,1314.0,4.52469,False
2558.0,729.0,849.0,3273.0,2967.0,868.0,893.0,653.0,896.0,909.0,735.0,338.0,836.0,-5.12178,False
0.0,0.0,0.0,0.0,977.0,4120.0,4737.0,6977.0,4845.0,0.0,0.0,0.0,0.0,-3.67469,False
2183.0,1536.0,1331.0,914.0,767.0,1790.0,1640.0,753.0,1695.0,3895.0,432.0,0.0,0.0,4.69599,False
5401.0,1857.0,2282.0,1508.0,1388.0,1880.0,1719.0,1374.0,33.0,0.0,0.0,0.0,0.0,3.70182,False
0.0,0.0,0.0,0.0,7398.0,32065.0,20824.0,149.0,0.0,0.0,0.0,0.0,0.0,4.70874,False
2250.0,1605.0,1154.0,2180.0,1565.0,1502.0,1596.0,3205.0,3376.0,1952.0,610.0,0.0,0.0,3.96825,False
2461.0,1083.0,1385.0,1225.0,9911.0,1052.0,1080.0,1409.0,5140.0,1431.0,1322.0,1109.0,924.0,2.7479,False
2.0,871.0,1301.0,741.0,1503.0,992.0,989.0,2368.0,3183.0,3104.0,1574.0,0.0,0.0,-0.708633,False
1412.0,937.0,882.0,1735.0,1524.0,2391.0,1632.0,1642.0,1698.0,1291.0,1608.0,2915.0,0.0,-7.20979,False
11295.0,5723.0,4732.0,7168.0,9422.0,1081.0,754.0,1494.0,1491.0,1431.0,1468.0,1084.0,1671.0,-7.66605,False
1394.0,636.0,2353.0,1130.0,1242.0,657.0,899.0,871.0,1524.0,1282.0,846.0,994.0,761.0,1.45604,False
4837.0,2364.0,3950.0,8930.0,3359.0,3200.0,2783.0,3296.0,2223.0,2951.0,3109.0,2947.0,3788.0,7.77612,False
0.0,0.0,250.0,3621.0,4059.0,2032.0,2254.0,2830.0,3086.0,3907.0,933.0,0.0,0.0,5.18447,False
0.0,0.0,0.0,0.0,0.0,180.0,27778.0,3799.0,0.0,0.0,0.0,0.0,0.0,4.35,False
0.0,1488.0,3757.0,7008.0,2554.0,7330.0,19429.0,4791.0,5311.0,611.0,0.0,0.0,0.0,0.883685,False
4679.0,2761.0,1466.0,1703.0,2042.0,1367.0,1387.0,2949.0,5420.0,3094.0,773.0,0.0,0.0,-3.37305,False
0.0,0.0,0.0,26406.0,32250.0,6712.0,0.0,0.0,0.0,0.0,0.0,0.0,0.0,5.46342,False
1369.0,968.0,670.0,906.0,638.0,932.0,1273.0,496.0,595.0,1503.0,502.0,903.0,890.0,-7.52965,False
555.0,4871.0,4659.0,4497.0,5498.0,7179.0,5951.0,2745.0,0.0,0.0,0.0,0.0,0.0,-7.79847,False
0.0,0.0,0.0,5471.0,51175.0,0.0,0.0,0.0,0.0,0.0,0.0,0.0,0.0,6.95,False
0.0,0.0,0.0,0.0,0.0,2760.0,10604.0,16615.0,11.0,0.0,0.0,0.0,0.0,5.93938,False
1964.0,684.0,1298.0,466.0,906.0,658.0,739.0,685.0,791.0,932.0,378.0,675.0,590.0,-1.74084,False
0.0,210.0,2677.0,4374.0,2587.0,3076.0,3054.0,3117.0,2086.0,2005.0,3536.0,327.0,0.0,-3.80787,False
1934.0,1094.0,651.0,1335.0,952.0,442.0,1237.0,1659.0,742.0,796.0,630.0,512.0,951.0,-4.08744,False
16252.0,11210.0,1128.0,771.0,783.0,1067.0,850.0,711.0,1137.0,1376.0,0.0,0.0,0.0,-4.74117,False
0.0,0.0,0.0,21304.0,52427.0,25604.0,14.0,0.0,0.0,0.0,0.0,0.0,0.0,7.85032,False
5757.0,3103.0,2868.0,2089.0,3604.0,9740.0,0.0,0.0,0.0,0.0,0.0,0.0,0.0,-3.85,False
6436.0,2217.0,1664.0,2986.0,1451.0,1468.0,2234.0,3152.0,3450.0,245.0,0.0,0.0,0.0,3.18474,False
0.0,0.0,0.0,389.0,48386.0,14737.0,0.0,0.0,0.0,0.0,0.0,0.0,0.0,2.15,False
0.0,45.0,10554.0,13205.0,15389.0,4163.0,0.0,0.0,0.0,0.0,0.0,0.0,0.0,-0.85,False
0.0,0.0,0.0,866.0,47481.0,5360.0,0.0,0.0,0.0,0.0,0.0,0.0,0.0,4.55,False
18144.0,1271.0,4098.0,2681.0,1981.0,1622.0,1909.0,1322.0,1135.0,3591.0,1339.0,1180.0,2047.0,-0.913048,False
3500.0,925.0,1107.0,1140.0,780.0,1738.0,889.0,670.0,516.0,783.0,1659.0,458.0,2202.0,-2.05406,False
4388.0,906.0,997.0,2202.0,1130.0,2014.0,1047.0,2894.0,1171.0,894.0,1345.0,1275.0,998.0,2.56482,False
0.0,0.0,50.0,3428.0,7432.0,6480.0,5684.0,4839.0,6268.0,4678.0,0.0,0.0,0.0,-6.9809,False
4101.0,1355.0,2300.0,1966.0,1232.0,3219.0,1225.0,1144.0,1308.0,1571.0,1.0,0.0,0.0,5.85724,False
3239.0,7149.0,1007.0,1074.0,918.0,1158.0,1849.0,341.0,0.0,0.0,0.0,0.0,0.0,-5.9728,False
13.0,1020.0,869.0,834.0,1318.0,1539.0,1161.0,1785.0,13693.0,1791.0,9162.0,5820.0,0.0,-6.57429,False
3361.0,864.0,9323.0,1501.0,832.0,938.0,997.0,2141.0,1141.0,1335.0,2029.0,369.0,0.0,-7.0699,False
4273.0,885.0,1193.0,1207.0,853.0,9733.0,1023.0,707.0,1378.0,1083.0,934.0,1755.0,1628.0,4.04671,False
0.0,0.0,308.0,4442.0,2193.0,3076.0,1473.0,2490.0,3931.0,6223.0,0.0,0.0,0.0,-4.34596,False
7448.0,6436.0,6320.0,13723.0,20918.0,14205.0,1961.0,2170.0,1870.0,1765.0,2063.0,2108.0,2060.0,7.4321,False
5014.0,1874.0,1364.0,1445.0,1647.0,1801.0,1974.0,1858.0,1606.0,213.0,0.0,0.0,0.0,-3.31032,False
3655.0,2934.0,929.0,1183.0,573.0,1739.0,601.0,695.0,793.0,532.0,602.0,618.0,794.0,-5.97655,False
0.0,0.0,252.0,37064.0,39674.0,10950.0,0.0,0.0,0.0,0.0,0.0,0.0,0.0,7.16663,False
249.0,1388.0,2114.0,2012.0,1786.0,2118.0,1919.0,3359.0,3291.0,1763.0,1548.0,175.0,0.0,1.67889,False
843.0,7482.0,6981.0,5927.0,11001.0,5555.0,6791.0,4627.0,0.0,0.0,0.0,0.0,0.0,-1.84583,False
0.0,448.0,16585.0,14023.0,14820.0,17332.0,11051.0,15.0,0.0,0.0,0.0,0.0,0.0,2.15347,False
10679.0,12453.0,607.0,776.0,1344.0,884.0,836.0,494.0,1274.0,1524.0,1646.0,942.0,1212.0,-3.29649,False
0.0,0.0,0.0,0.0,0.0,1367.0,4796.0,13170.0,44.0,0.0,0.0,0.0,0.0,4.40559,False
2986.0,4438.0,17051.0,2755.0,3274.0,4642.0,3408.0,2952.0,6745.0,359.0,0.0,0.0,0.0,-5.98088,False
2018.0,1328.0,1269.0,1049.0,1113.0,892.0,1413.0,797.0,2616.0,1039.0,993.0,2965.0,31.0,6.13362,False
0.0,0.0,777.0,1138.0,1178.0,1433.0,2587.0,4682.0,11813.0,1507.0,35.0,0.0,0.0,6.04864,False
2175.0,1026.0,1004.0,785.0,1313.0,1104.0,1863.0,2842.0,1227.0,1038.0,5172.0,990.0,1391.0,-1.9278,False
737.0,3817.0,3481.0,13645.0,1266.0,2108.0,1737.0,356.0,0.0,0.0,0.0,0.0,0.0,-1.73862,False
0.0,0.0,0.0,0.0,0.0,4130.0,33511.0,0.0,0.0,0.0,0.0,0.0,0.0,-1.95,False
877.0,955.0,2132.0,1075.0,956.0,993.0,1009.0,2178.0,2458.0,1751.0,1300.0,1083.0,1506.0,-2.66447,False
5841.0,969.0,2222.0,1942.0,1217.0,2071.0,1477.0,1571.0,1367.0,993.0,854.0,1531.0,1263.0,-5.89326,False
3845.0,1625.0,1037.0,2499.0,4038.0,3489.0,11730.0,1103.0,1172.0,953.0,1944.0,1781.0,1941.0,0.455591,False
0.0,0.0,272.0,1687.0,2098.0,7435.0,2093.0,5595.0,11716.0,1394.0,0.0,0.0,0.0,-5.66573,False
11375.0,911.0,720.0,691.0,874.0,1010.0,533.0,540.0,784.0,798.0,929.0,660.0,1516.0,-0.746918,False
1877.0,2017.0,1420.0,1389.0,1396.0,1469.0,1274.0,1705.0,1151.0,863.0,1892.0,624.0,1182.0,7.68166,False
3642.0,3474.0,4518.0,6444.0,3304.0,0.0,0.0,0.0,0.0,0.0,0.0,0.0,0.0,1.05,False
5.0,992.0,1596.0,1507.0,3304.0,2243.0,1654.0,4804.0,3041.0,1953.0,1890.0,0.0,0.0,-0.210345,False
266.0,1094.0,1808.0,2456.0,1300.0,1584.0,768.0,1014.0,1382.0,1042.0,1449.0,958.0,186.0,-4.55293,False
0.0,0.0,515.0,4917.0,4028.0,7330.0,3401.0,6369.0,6603.0,642.0,0.0,0.0,0.0,-7.06643,False
28087.0,4684.0,2286.0,2369.0,2249.0,3432.0,10257.0,0.0,0.0,0.0,0.0,0.0,0.0,-6.35,False
0.0,0.0,0.0,0.0,6.0,24495.0,24686.0,0.0,0.0,0.0,0.0,0.0,0.0,6.65,False
1350.0,967.0,4213.0,841.0,1201.0,1204.0,1274.0,1941.0,1230.0,1123.0,2352.0,880.0,858.0,3.99557,False
51.0,8656.0,3148.0,3315.0,834.0,847.0,2339.0,2083.0,1991.0,2083.0,887.0,185.0,0.0,4.07024,False
0.0,590.0,12077.0,11666.0,21071.0,13427.0,0.0,0.0,0.0,0.0,0.0,0.0,0.0,-1.94613,False
0.0,1.0,4170.0,9588.0,11583.0,13612.0,11559.0,10661.0,27668.0,374.0,0.0,0.0,0.0,-2.6049,False
0.0,0.0,0.0,0.0,0.0,1077.0,33551.0,2287.0,0.0,0.0,0.0,0.0,0.0,-4.25,False
0.0,374.0,1800.0,1183.0,1152.0,1183.0,3218.0,1928.0,5550.0,2282.0,4290.0,2.0,0.0,-4.70019,False
0.0,0.0,208.0,4492.0,3408.0,3487.0,4546.0,7621.0,5266.0,5887.0,0.0,0.0,0.0,-5.32084,False
2609.0,551.0,1701.0,823.0,409.0,940.0,1402.0,1276.0,923.0,1113.0,635.0,1205.0,1128.0,-6.43939,False
2204.0,2795.0,1657.0,1243.0,1273.0,1976.0,939.0,1652.0,3069.0,0.0,0.0,0.0,0.0,-6.81903,False
4458.0,1030.0,762.0,1503.0,1307.0,780.0,2379.0,1158.0,5605.0,1234.0,1088.0,1571.0,321.0,4.16778,False
0.0,0.0,0.0,25408.0,52454.0,0.0,0.0,0.0,0.0,0.0,0.0,0.0,0.0,-3.55,False
0.0,0.0,0.0,1788.0,13710.0,10233.0,9718.0,7963.0,2668.0,2555.0,795.0,0.0,0.0,-6.6297,False
1644.0,671.0,534.0,737.0,945.0,856.0,1017.0,1345.0,1926.0,997.0,1308.0,776.0,759.0,-0.685876,False
0.0,0.0,0.0,1.0,1201.0,1724.0,2106.0,2217.0,14851.0,0.0,0.0,0.0,0.0,-1.36993,False
9147.0,2467.0,2819.0,2292.0,2535.0,1279.0,1147.0,0.0,0.0,0.0,0.0,0.0,0.0,-5.63993,False
1803.0,1007.0,12350.0,1956.0,1164.0,802.0,1151.0,659.0,820.0,0.0,0.0,0.0,0.0,-6.02531,False
314.0,4652.0,2327.0,3233.0,1835.0,2047.0,1431.0,2020.0,2667.0,2151.0,1569.0,0.0,0.0,-7.20082,False
0.0,0.0,0.0,0.0,0.0,1067.0,42298.0,1195.0,0.0,0.0,0.0,0.0,0.0,7.55,False
0.0,-0.1,1766.8000000000002,13065.8,9924.0,7742.0,10635.0,10021.0,8853.0,8242.0,2353.0,0.0,0.0,6.70377,False
0.0,0.0,0.0,178.0,7535.0,2832.0,1667.0,1596.0,1555.0,1825.0,2228.0,2365.0,2245.0,5.05,False
0.0,2.0,5804.0,11667.0,14094.0,12912.0,18228.0,13492.0,8621.0,0.0,0.0,0.0,0.0,-1.55059,False
0.0,8.0,4381.0,8347.0,20115.0,24912.0,8675.0,7585.0,8105.0,0.0,0.0,0.0,0.0,-3.45998,False
0.0,0.0,0.0,206.0,7307.0,8046.0,21770.0,12983.0,0.0,0.0,0.0,0.0,0.0,-6.09719,False
0.0,1152.0,6946.0,1509.0,1027.0,1895.0,1428.0,3273.0,1323.0,16180.0,1579.0,1215.0,0.0,7.87686,False
2956.0,3214.0,1725.0,1627.0,1423.0,2774.0,4466.0,2372.0,1655.0,1805.0,2549.0,2037.0,389.0,7.47239,False
2323.0,978.0,1680.0,2494.0,1496.0,2319.0,1741.0,1371.0,1063.0,2030.0,1230.0,1084.0,1007.0,1.83468,False
0.0,0.0,8.0,2098.0,3321.0,6582.0,3280.0,4943.0,3929.0,5273.0,0.0,0.0,0.0,-0.549809,False
2373.0,1622.0,600.0,1657.0,1464.0,1290.0,537.0,625.0,576.0,1245.0,861.0,894.0,326.0,-6.47645,False
5532.0,1793.0,6118.0,2050.0,2457.0,5428.0,3334.0,3830.0,1189.0,1607.0,1202.0,1369.0,3074.0,5.14435,False
937.0,1315.0,1318.0,7442.0,1162.0,1208.0,8817.0,13156.0,1786.0,840.0,310.0,0.0,0.0,4.44496,False
4450.0,745.0,1271.0,1207.0,1085.0,1091.0,2370.0,1646.0,872.0,2528.0,1197.0,1290.0,1289.0,-4.56531,False
14979.0,3099.0,2251.0,5533.0,6509.0,0.0,0.0,0.0,0.0,0.0,0.0,0.0,0.0,2.65,False
1760.0,2419.0,3655.0,1178.0,562.0,1018.0,893.0,1504.0,1013.0,4542.0,3661.0,1258.0,0.0,-2.8322,False
0.0,0.0,1072.0,5970.0,5008.0,4154.0,9081.0,6605.0,4520.0,3869.0,401.0,0.0,0.0,2.89872,False
1809.0,823.0,914.0,974.0,900.0,2739.0,891.0,754.0,1365.0,799.0,734.0,681.0,1631.0,0.788335,False
0.0,62.0,6256.0,3570.0,11710.0,8830.0,4959.0,5559.0,3173.0,0.0,0.0,0.0,0.0,-0.593309,False
892.0,2784.0,985.0,1259.0,2032.0,1716.0,2777.0,2454.0,1860.0,2482.0,1003.0,12.0,0.0,4.03893,False
0.0,0.0,117.0,56445.0,23363.0,0.0,0.0,0.0,0.0,0.0,0.0,0.0,0.0,7.75,False
0.0,0.0,0.0,2662.0,15194.0,11241.0,13113.0,10836.0,3750.0,0.0,0.0,0.0,0.0,4.70911,False
0.0,0.0,0.0,0.0,1.0,23850.0,27595.0,0.0,0.0,0.0,0.0,0.0,0.0,-3.15,False
184.0,3537.0,4668.0,11614.0,3204.0,3374.0,6705.0,2436.0,1206.0,0.0,0.0,0.0,0.0,5.49377,False
1.0,2695.0,5645.0,8025.0,4083.0,6060.0,5334.0,6640.0,798.0,0.0,0.0,0.0,0.0,-0.977364,False
0.0,0.0,0.0,0.0,981.0,5612.0,5722.0,20669.0,4522.0,0.0,0.0,0.0,0.0,-1.69535,False
676.0,1380.0,966.0,1601.0,1364.0,1214.0,518.0,578.0,1033.0,5419.0,0.0,0.0,0.0,-6.39437,False
0.0,0.0,0.0,558.0,42052.0,3366.0,0.0,0.0,0.0,0.0,0.0,0.0,0.0,3.35,False
0.0,2165.0,7669.0,9504.0,9548.0,15025.0,2008.0,0.0,0.0,0.0,0.0,0.0,0.0,0.53433,False
2962.0,1653.0,688.0,1156.0,734.0,929.0,553.0,738.0,539.0,2403.0,2572.0,1426.0,1067.0,-1.52261,False
4745.0,3077.0,3704.0,1573.0,2467.0,3253.0,0.0,0.0,0.0,0.0,0.0,0.0,0.0,-4.26294,False
1212.0,574.0,1817.0,1562.0,1194.0,798.0,958.0,491.0,1064.0,8870.0,2581.0,0.0,0.0,3.71544,False
0.0,0.0,18.0,2546.0,13679.0,5941.0,5088.0,11852.0,25500.0,6025.0,0.0,0.0,0.0,-5.3658,False
2340.0,753.0,1336.0,654.0,523.0,763.0,1665.0,1038.0,1018.0,715.0,713.0,1076.0,1894.0,5.37789,False
0.0,0.0,0.0,4.0,32252.0,40501.0,0.0,0.0,0.0,0.0,0.0,0.0,0.0,3.25,False
1521.0,505.0,813.0,532.0,390.0,841.0,1184.0,17867.0,1022.0,1381.0,1854.0,199.0,0.0,-6.55681,False
0.0,0.0,0.0,0.0,0.0,6790.0,46842.0,22664.0,8696.0,9.0,0.0,0.0,0.0,1.81443,False
0.0,0.0,0.0,0.0,10180.0,41196.0,0.0,0.0,0.0,0.0,0.0,0.0,0.0,-2.55,False
1821.0,1664.0,876.0,1490.0,1068.0,1474.0,769.0,8681.0,1684.0,710.0,405.0,954.0,1350.0,-3.43898,False
0.0,3090.0,16778.0,6090.0,7307.0,9109.0,4836.0,3800.0,1955.0,0.0,0.0,0.0,0.0,-4.40832,False
2061.0,803.0,6580.0,2410.0,924.0,1506.0,1067.0,1051.0,1060.0,1622.0,52.0,0.0,0.0,6.63461,False
3691.0,1586.0,1674.0,1012.0,766.0,995.0,952.0,847.0,2406.0,1502.0,933.0,853.0,1728.0,6.15354,False
0.0,0.0,0.0,1652.0,37969.0,8.0,0.0,0.0,0.0,0.0,0.0,0.0,0.0,6.15,False
841.0,1227.0,2331.0,1487.0,3862.0,3994.0,4604.0,2286.0,2088.0,5460.0,5765.0,13201.0,1.0,1.44906,False
2.0,3813.0,7440.0,12212.0,16567.0,12443.0,1615.0,0.0,0.0,0.0,0.0,0.0,0.0,-5.21918,False
0.0,9222.0,8846.0,7589.0,2601.0,1735.0,1889.0,49.0,0.0,0.0,0.0,0.0,0.0,6.93902,False
0.0,0.0,0.0,0.0,1284.0,4905.0,4706.0,1633.0,1539.0,1568.0,1680.0,1846.0,2029.0,5.84882,False
0.0,292.0,15885.0,17405.0,5672.0,5390.0,0.0,0.0,0.0,0.0,0.0,0.0,0.0,-6.70356,False
1682.0,1617.0,842.0,1214.0,605.0,1038.0,1243.0,647.0,1542.0,964.0,524.0,1352.0,1987.0,2.89953,False
1653.0,1794.0,2125.0,834.0,427.0,789.0,528.0,365.0,843.0,1068.0,1482.0,995.0,659.0,-0.790415,False
2016.0,2882.0,1243.0,925.0,835.0,1031.0,713.0,784.0,2623.0,940.0,1041.0,967.0,1915.0,5.84026,False
4322.0,3024.0,1543.0,3497.0,8448.0,3282.0,1399.0,2511.0,3001.0,1230.0,2.0,0.0,0.0,4.74607,False
1743.0,4622.0,5146.0,9817.0,8497.0,14903.0,9158.0,4138.0,357.0,0.0,0.0,0.0,0.0,4.75218,False
3915.0,1219.0,1337.0,851.0,1169.0,892.0,1063.0,893.0,5754.0,886.0,4.0,0.0,0.0,3.75754,False
14849.0,5228.0,2791.0,3665.0,4883.0,6021.0,21006.0,2912.0,1535.0,0.0,0.0,0.0,0.0,-3.23184,False
4381.0,7879.0,6031.0,5227.0,3050.0,4165.0,5484.0,2955.0,4104.0,2243.0,0.0,0.0,0.0,-3.60825,False
0.0,0.0,0.0,1366.0,7422.0,4926.0,3635.0,2970.0,3234.0,5449.0,2803.0,0.0,0.0,6.50553,False
9043.0,6354.0,5987.0,6308.0,5884.0,7725.0,6014.0,8340.0,12202.0,0.0,0.0,0.0,0.0,-4.10339,False
5411.0,5080.0,6258.0,8831.0,7141.0,5801.0,4797.0,5131.0,11063.0,7314.0,7707.0,4275.0,38.0,-4.56516,False
1115.0,1029.0,888.0,1185.0,742.0,488.0,543.0,1365.0,675.0,871.0,1692.0,1832.0,1303.0,-5.25441,False
7965.0,4782.0,1059.0,1818.0,3093.0,1642.0,1521.0,1252.0,1286.0,1083.0,966.0,1087.0,17.0,7.78657,False
3249.0,603.0,617.0,774.0,489.0,2218.0,668.0,863.0,535.0,483.0,684.0,583.0,878.0,-0.505815,False
0.0,7015.0,15609.0,11115.0,6288.0,0.0,0.0,0.0,0.0,0.0,0.0,0.0,0.0,-2.65,False
0.0,0.0,0.0,0.0,0.0,12229.0,19299.0,6904.0,0.0,0.0,0.0,0.0,0.0,6.42303,False
0.0,0.0,0.0,0.0,0.0,5086.0,25179.0,10362.0,14.0,0.0,0.0,0.0,0.0,4.74282,False
2776.0,1428.0,803.0,1374.0,1981.0,1763.0,2417.0,796.0,3035.0,2933.0,2025.0,7021.0,635.0,3.86127,False
2373.0,771.0,1001.0,1600.0,1183.0,943.0,799.0,592.0,703.0,1344.0,1227.0,1185.0,914.0,-2.66116,False
0.0,0.0,6.0,1645.0,4654.0,4503.0,3440.0,3537.0,4862.0,2993.0,0.0,0.0,0.0,-3.0961,False
0.0,0.0,4.0,1543.0,1223.0,1479.0,2130.0,2049.0,5093.0,1676.0,0.0,0.0,0.0,-6.35478,False
1667.0,1066.0,875.0,1104.0,2172.0,3230.0,556.0,729.0,961.0,769.0,542.0,910.0,998.0,-5.15334,False
2210.0,2360.0,1577.0,2697.0,1734.0,1062.0,919.0,1176.0,1337.0,1236.0,1082.0,1523.0,1269.0,0.170896,False
9785.0,948.0,2609.0,3000.0,1732.0,841.0,1083.0,837.0,1236.0,909.0,1152.0,1343.0,2142.0,6.09705,False
22596.0,4342.0,3909.0,3764.0,4078.0,2440.0,5300.0,2212.0,514.0,0.0,0.0,0.0,0.0,5.39795,False
2832.0,1099.0,1181.0,1742.0,2148.0,1463.0,1072.0,2456.0,916.0,1541.0,1299.0,1842.0,1113.0,3.354,False
2086.0,2688.0,1673.0,2360.0,965.0,1218.0,1402.0,1140.0,10751.0,8355.0,6248.0,226.0,0.0,-6.53646,False
0.0,0.0,0.0,0.0,1321.0,52448.0,7203.0,0.0,0.0,0.0,0.0,0.0,0.0,6.45,False
2164.0,737.0,1205.0,1357.0,1297.0,1018.0,980.0,620.0,2097.0,686.0,1019.0,1708.0,850.0,6.11235,False
0.0,0.0,2374.0,28121.0,19497.0,193.0,0.0,0.0,0.0,0.0,0.0,0.0,0.0,4.63246,False
9500.0,6826.0,9126.0,8794.0,3024.0,4264.0,3733.0,6159.0,4671.0,2063.0,2.0,0.0,0.0,3.16205,False
5938.0,3451.0,5321.0,2619.0,6083.0,3971.0,2929.0,1593.0,0.0,0.0,0.0,0.0,0.0,2.32663,False
0.0,0.0,312.0,13093.0,18034.0,15061.0,15536.0,0.0,0.0,0.0,0.0,0.0,0.0,-1.0282,False
1760.0,291.0,1322.0,527.0,1437.0,2414.0,667.0,1581.0,1405.0,688.0,1305.0,643.0,0.0,-7.41251,False
0.0,2170.0,7816.0,9405.0,9378.0,16034.0,5195.0,0.0,0.0,0.0,0.0,0.0,0.0,6.57009,False
7256.0,5410.0,5529.0,5728.0,8944.0,9220.0,4781.0,6067.0,3950.0,6118.0,5117.0,5874.0,6440.0,6.37036,False
0.0,0.0,1438.0,4268.0,5494.0,3809.0,4602.0,5080.0,3837.0,3693.0,1728.0,0.0,0.0,4.86447,False
0.0,0.0,0.0,0.0,297.0,43994.0,4163.0,0.0,0.0,0.0,0.0,0.0,0.0,4.25,False
2175.0,1924.0,3246.0,1117.0,1277.0,1473.0,741.0,897.0,1663.0,508.0,1604.0,1273.0,872.0,2.16435,False
0.0,0.0,18493.0,15770.0,2178.0,5778.0,6309.0,0.0,0.0,0.0,0.0,0.0,0.0,-0.1,False
19.0,3030.0,4774.0,6860.0,20147.0,4427.0,5205.0,2809.0,0.0,0.0,0.0,0.0,0.0,-1.44,False
3200.0,2428.0,3397.0,1999.0,2576.0,2494.0,2856.0,2481.0,2316.0,4107.0,3023.0,1138.0,0.0,-1.87886,False
0.0,0.0,76.0,26190.0,13744.0,0.0,0.0,0.0,0.0,0.0,0.0,0.0,0.0,6.45,False
2889.0,1489.0,829.0,1268.0,1055.0,916.0,1150.0,2225.0,2720.0,883.0,1897.0,1700.0,3934.0,2.26884,False
0.0,0.0,0.0,4.0,5036.0,5867.0,17237.0,17139.0,1794.0,0.0,0.0,0.0,0.0,-3.99033,False
2957.0,1375.0,12532.0,22942.0,2083.0,1397.0,1564.0,1338.0,1279.0,1048.0,1576.0,1257.0,648.0,0.193314,False
0.0,0.0,311.0,3209.0,2591.0,1210.0,1990.0,1555.0,16964.0,2592.0,0.0,0.0,0.0,-2.64795,False
2940.0,2719.0,923.0,691.0,1834.0,1290.0,1210.0,681.0,1001.0,1155.0,6.0,0.0,0.0,-6.12367,False
1788.0,946.0,1049.0,1115.0,1578.0,1012.0,1195.0,1228.0,1764.0,1383.0,727.0,848.0,1194.0,-7.45815,False
0.0,0.0,0.0,0.0,163.0,41375.0,12083.0,0.0,0.0,0.0,0.0,0.0,0.0,4.55,False
3819.0,995.0,643.0,1007.0,694.0,1033.0,1147.0,1675.0,964.0,3304.0,1604.0,1772.0,1094.0,0.840055,False
